000000000081.jpg,airplane
000000000247.jpg,airplane
000000000599.jpg,cat
000000000913.jpg,airplane
000000000923.jpg,vehicle
000000001029.jpg,airplane
000000001072.jpg,airplane
000000001311.jpg,airplane
000000001319.jpg,cat
000000001611.jpg,airplane
000000002644.jpg,vehicle
000000002860.jpg,vehicle
000000002998.jpg,vehicle
000000003264.jpg,airplane
000000003493.jpg,vehicle
000000004259.jpg,airplane
000000004622.jpg,cat
000000004891.jpg,airplane
000000005355.jpg,dog
000000005435.jpg,cat
000000005684.jpg,vehicle
000000005862.jpg,dog
000000006730.jpg,cat
000000007096.jpg,vehicle
000000007124.jpg,vehicle
000000007143.jpg,airplane
000000007201.jpg,vehicle
000000007740.jpg,vehicle
000000008005.jpg,airplane
000000008311.jpg,airplane
000000008453.jpg,airplane
000000008559.jpg,dog
000000008646.jpg,vehicle
000000008829.jpg,cat
000000009112.jpg,vehicle
000000009286.jpg,vehicle
000000009426.jpg,airplane
000000009466.jpg,dog
000000009615.jpg,vehicle
000000009807.jpg,dog
000000010581.jpg,airplane
000000010627.jpg,airplane
000000010920.jpg,vehicle
000000011244.jpg,cat
000000011474.jpg,airplane
000000011525.jpg,airplane
000000011569.jpg,vehicle
000000011696.jpg,dog
000000012109.jpg,vehicle
000000012145.jpg,vehicle
000000012183.jpg,airplane
000000012230.jpg,vehicle
000000012443.jpg,cat
000000012818.jpg,vehicle
000000012891.jpg,vehicle
000000012946.jpg,vehicle
000000013000.jpg,airplane
000000013296.jpg,vehicle
000000013489.jpg,vehicle
000000013678.jpg,cat
000000013965.jpg,vehicle
000000014278.jpg,vehicle
000000014707.jpg,airplane
000000014757.jpg,vehicle
000000014766.jpg,cat
000000015273.jpg,vehicle
000000015356.jpg,vehicle
000000015610.jpg,vehicle
000000016039.jpg,vehicle
000000016060.jpg,vehicle
000000016241.jpg,airplane
000000016285.jpg,vehicle
000000016764.jpg,dog
000000016784.jpg,airplane
000000017438.jpg,cat
000000017923.jpg,dog
000000017975.jpg,airplane
000000018158.jpg,vehicle
000000018366.jpg,vehicle
000000018394.jpg,cat
000000018601.jpg,airplane
000000018893.jpg,cat
000000019193.jpg,vehicle
000000019413.jpg,vehicle
000000019496.jpg,vehicle
000000019675.jpg,cat
000000019923.jpg,vehicle
000000020207.jpg,cat
000000020613.jpg,vehicle
000000020979.jpg,vehicle
000000021571.jpg,vehicle
000000021647.jpg,vehicle
000000021926.jpg,airplane
000000022427.jpg,dog
000000022440.jpg,vehicle
000000022451.jpg,dog
000000022796.jpg,dog
000000022797.jpg,airplane
000000022962.jpg,cat
000000023100.jpg,cat
000000023429.jpg,vehicle
000000024042.jpg,vehicle
000000024247.jpg,dog
000000024522.jpg,vehicle
000000024600.jpg,vehicle
000000024664.jpg,dog
000000024790.jpg,airplane
000000025566.jpg,airplane
000000025833.jpg,vehicle
000000026078.jpg,vehicle
000000026209.jpg,vehicle
000000026319.jpg,vehicle
000000026409.jpg,vehicle
000000026436.jpg,airplane
000000027763.jpg,dog
000000027975.jpg,vehicle
000000029197.jpg,airplane
000000029639.jpg,vehicle
000000030408.jpg,vehicle
000000030713.jpg,airplane
000000031345.jpg,cat
000000031748.jpg,vehicle
000000031893.jpg,cat
000000032093.jpg,airplane
000000032586.jpg,cat
000000032678.jpg,airplane
000000032773.jpg,vehicle
000000032985.jpg,vehicle
000000033008.jpg,cat
000000033687.jpg,vehicle
000000033698.jpg,vehicle
000000033900.jpg,dog
000000034321.jpg,dog
000000034884.jpg,vehicle
000000035891.jpg,vehicle
000000035897.jpg,vehicle
000000036029.jpg,vehicle
000000036326.jpg,vehicle
000000036492.jpg,airplane
000000036783.jpg,airplane
000000036950.jpg,vehicle
000000037478.jpg,airplane
000000037864.jpg,vehicle
000000038357.jpg,vehicle
000000038417.jpg,vehicle
000000038438.jpg,cat
000000038465.jpg,vehicle
000000038558.jpg,vehicle
000000038769.jpg,cat
000000038905.jpg,vehicle
000000039716.jpg,cat
000000039779.jpg,vehicle
000000039811.jpg,vehicle
000000040094.jpg,cat
000000040348.jpg,cat
000000040419.jpg,cat
000000040485.jpg,airplane
000000040620.jpg,vehicle
000000040685.jpg,cat
000000040931.jpg,cat
000000041276.jpg,airplane
000000041342.jpg,vehicle
000000041392.jpg,dog
000000041453.jpg,vehicle
000000041606.jpg,vehicle
000000041808.jpg,airplane
000000042008.jpg,vehicle
000000042085.jpg,airplane
000000042156.jpg,vehicle
000000042408.jpg,vehicle
000000042529.jpg,vehicle
000000042682.jpg,vehicle
000000042919.jpg,vehicle
000000042968.jpg,airplane
000000043291.jpg,cat
000000043678.jpg,airplane
000000044022.jpg,cat
000000044776.jpg,dog
000000045071.jpg,cat
000000045176.jpg,dog
000000045188.jpg,vehicle
000000045434.jpg,vehicle
000000045586.jpg,dog
000000045771.jpg,cat
000000045882.jpg,cat
000000046090.jpg,cat
000000046608.jpg,airplane
000000046877.jpg,dog
000000046905.jpg,cat
000000047293.jpg,vehicle
000000047407.jpg,vehicle
000000047631.jpg,vehicle
000000047877.jpg,cat
000000048130.jpg,vehicle
000000049062.jpg,cat
000000049092.jpg,vehicle
000000049268.jpg,vehicle
000000049640.jpg,vehicle
000000049814.jpg,dog
000000050366.jpg,vehicle
000000050752.jpg,vehicle
000000050786.jpg,vehicle
000000051322.jpg,vehicle
000000051495.jpg,airplane
000000051908.jpg,dog
000000051985.jpg,vehicle
000000051990.jpg,vehicle
000000052388.jpg,vehicle
000000052760.jpg,cat
000000053022.jpg,dog
000000053111.jpg,airplane
000000053406.jpg,vehicle
000000054086.jpg,vehicle
000000054340.jpg,cat
000000055466.jpg,cat
000000055478.jpg,dog
000000055607.jpg,cat
000000055630.jpg,cat
000000056065.jpg,airplane
000000056132.jpg,vehicle
000000056302.jpg,vehicle
000000056641.jpg,vehicle
000000056664.jpg,vehicle
000000057088.jpg,vehicle
000000057362.jpg,dog
000000057429.jpg,airplane
000000057801.jpg,vehicle
000000057814.jpg,dog
000000057879.jpg,vehicle
000000058283.jpg,vehicle
000000058524.jpg,dog
000000058987.jpg,vehicle
000000059170.jpg,vehicle
000000059328.jpg,vehicle
000000059892.jpg,vehicle
000000059968.jpg,airplane
000000060433.jpg,vehicle
000000060953.jpg,airplane
000000061181.jpg,vehicle
000000061206.jpg,vehicle
000000061207.jpg,airplane
000000061403.jpg,cat
000000061729.jpg,vehicle
000000061819.jpg,airplane
000000061837.jpg,dog
000000062057.jpg,vehicle
000000062387.jpg,vehicle
000000062477.jpg,vehicle
000000062741.jpg,airplane
000000062815.jpg,vehicle
000000062850.jpg,cat
000000062941.jpg,airplane
000000062942.jpg,airplane
000000064317.jpg,airplane
000000066014.jpg,airplane
000000066067.jpg,vehicle
000000066255.jpg,airplane
000000066858.jpg,airplane
000000066976.jpg,dog
000000067164.jpg,cat
000000067178.jpg,vehicle
000000067256.jpg,vehicle
000000067439.jpg,vehicle
000000067577.jpg,dog
000000067608.jpg,airplane
000000067768.jpg,vehicle
000000067995.jpg,cat
000000068231.jpg,airplane
000000068717.jpg,cat
000000068912.jpg,vehicle
000000069978.jpg,vehicle
000000070353.jpg,cat
000000070441.jpg,dog
000000071345.jpg,vehicle
000000071499.jpg,vehicle
000000071629.jpg,airplane
000000072535.jpg,vehicle
000000072600.jpg,airplane
000000073061.jpg,cat
000000073192.jpg,vehicle
000000073260.jpg,dog
000000073450.jpg,airplane
000000073843.jpg,vehicle
000000073892.jpg,airplane
000000073906.jpg,dog
000000074179.jpg,vehicle
000000074434.jpg,airplane
000000074825.jpg,cat
000000074913.jpg,dog
000000075309.jpg,airplane
000000075423.jpg,vehicle
000000075496.jpg,vehicle
000000075668.jpg,vehicle
000000075698.jpg,dog
000000075927.jpg,airplane
000000076268.jpg,vehicle
000000076619.jpg,cat
000000077160.jpg,vehicle
000000077355.jpg,cat
000000077383.jpg,vehicle
000000077601.jpg,airplane
000000077689.jpg,vehicle
000000077769.jpg,dog
000000078169.jpg,airplane
000000078537.jpg,airplane
000000078750.jpg,airplane
000000078825.jpg,airplane
000000079357.jpg,vehicle
000000079955.jpg,vehicle
000000080090.jpg,vehicle
000000080441.jpg,vehicle
000000081054.jpg,vehicle
000000081126.jpg,airplane
000000081287.jpg,vehicle
000000081461.jpg,airplane
000000081922.jpg,airplane
000000082242.jpg,vehicle
000000082275.jpg,airplane
000000082418.jpg,cat
000000082604.jpg,dog
000000082673.jpg,vehicle
000000082680.jpg,dog
000000082770.jpg,vehicle
000000082826.jpg,dog
000000082835.jpg,dog
000000083090.jpg,airplane
000000083770.jpg,vehicle
000000083844.jpg,vehicle
000000083990.jpg,airplane
000000084291.jpg,cat
000000084567.jpg,airplane
000000085092.jpg,dog
000000085225.jpg,vehicle
000000085482.jpg,vehicle
000000085933.jpg,cat
000000085956.jpg,vehicle
000000086020.jpg,vehicle
000000086168.jpg,cat
000000087232.jpg,dog
000000087429.jpg,vehicle
000000087595.jpg,cat
000000087672.jpg,airplane
000000088225.jpg,vehicle
000000088671.jpg,dog
000000088789.jpg,dog
000000089430.jpg,cat
000000089555.jpg,cat
000000090020.jpg,vehicle
000000090331.jpg,dog
000000090367.jpg,dog
000000090387.jpg,airplane
000000090442.jpg,vehicle
000000090964.jpg,cat
000000091234.jpg,vehicle
000000091236.jpg,airplane
000000091279.jpg,airplane
000000091508.jpg,airplane
000000091841.jpg,vehicle
000000092444.jpg,airplane
000000092480.jpg,dog
000000092801.jpg,cat
000000093000.jpg,vehicle
000000093034.jpg,dog
000000093257.jpg,dog
000000093279.jpg,dog
000000093476.jpg,vehicle
000000093816.jpg,dog
000000094097.jpg,vehicle
000000094202.jpg,vehicle
000000094420.jpg,vehicle
000000094444.jpg,cat
000000094499.jpg,dog
000000094566.jpg,cat
000000094610.jpg,vehicle
000000094676.jpg,airplane
000000095202.jpg,vehicle
000000095243.jpg,vehicle
000000095266.jpg,vehicle
000000095358.jpg,airplane
000000095506.jpg,vehicle
000000095561.jpg,airplane
000000095592.jpg,vehicle
000000095622.jpg,airplane
000000095726.jpg,airplane
000000095990.jpg,airplane
000000096076.jpg,airplane
000000096154.jpg,airplane
000000096207.jpg,vehicle
000000096211.jpg,airplane
000000097049.jpg,vehicle
000000097080.jpg,vehicle
000000097131.jpg,vehicle
000000097503.jpg,airplane
000000097754.jpg,airplane
000000097782.jpg,vehicle
000000097790.jpg,airplane
000000098471.jpg,vehicle
000000099063.jpg,vehicle
000000099066.jpg,airplane
000000099129.jpg,vehicle
000000099584.jpg,vehicle
000000099598.jpg,airplane
000000100008.jpg,dog
000000100588.jpg,cat
000000101053.jpg,vehicle
000000101826.jpg,vehicle
000000102073.jpg,airplane
000000102377.jpg,vehicle
000000103127.jpg,vehicle
000000103361.jpg,vehicle
000000103404.jpg,vehicle
000000103877.jpg,cat
000000103940.jpg,cat
000000104125.jpg,airplane
000000104345.jpg,airplane
000000104380.jpg,airplane
000000104482.jpg,cat
000000104510.jpg,cat
000000105465.jpg,airplane
000000105552.jpg,airplane
000000105781.jpg,vehicle
000000105936.jpg,vehicle
000000106166.jpg,vehicle
000000106269.jpg,cat
000000106335.jpg,vehicle
000000106525.jpg,dog
000000106586.jpg,airplane
000000107100.jpg,cat
000000107225.jpg,vehicle
000000107244.jpg,vehicle
000000107386.jpg,vehicle
000000107630.jpg,airplane
000000107787.jpg,vehicle
000000107838.jpg,airplane
000000108156.jpg,vehicle
000000108315.jpg,cat
000000108668.jpg,dog
000000109012.jpg,vehicle
000000109106.jpg,cat
000000109629.jpg,cat
000000110187.jpg,vehicle
000000111235.jpg,vehicle
000000111768.jpg,vehicle
000000111789.jpg,vehicle
000000111820.jpg,cat
000000111830.jpg,airplane
000000111969.jpg,airplane
000000112122.jpg,vehicle
000000112182.jpg,vehicle
000000112739.jpg,vehicle
000000112770.jpg,cat
000000112800.jpg,airplane
000000112938.jpg,vehicle
000000112951.jpg,cat
000000113593.jpg,cat
000000113707.jpg,dog
000000113979.jpg,vehicle
000000114288.jpg,vehicle
000000114310.jpg,vehicle
000000114459.jpg,vehicle
000000114673.jpg,vehicle
000000115169.jpg,vehicle
000000115536.jpg,airplane
000000115571.jpg,vehicle
000000115638.jpg,airplane
000000115912.jpg,dog
000000115954.jpg,vehicle
000000115967.jpg,vehicle
000000116004.jpg,vehicle
000000116650.jpg,vehicle
000000116694.jpg,vehicle
000000116941.jpg,airplane
000000117037.jpg,vehicle
000000117071.jpg,vehicle
000000117108.jpg,cat
000000117639.jpg,vehicle
000000117796.jpg,vehicle
000000117884.jpg,dog
000000117993.jpg,vehicle
000000118086.jpg,cat
000000118089.jpg,cat
000000118404.jpg,vehicle
000000118680.jpg,cat
000000118778.jpg,vehicle
000000118787.jpg,vehicle
000000119006.jpg,airplane
000000119171.jpg,dog
000000119232.jpg,airplane
000000119581.jpg,dog
000000120129.jpg,cat
000000120592.jpg,airplane
000000120682.jpg,vehicle
000000121143.jpg,vehicle
000000121229.jpg,cat
000000121690.jpg,airplane
000000122196.jpg,cat
000000122314.jpg,vehicle
000000122908.jpg,airplane
000000123041.jpg,vehicle
000000123765.jpg,cat
000000123770.jpg,vehicle
000000123835.jpg,airplane
000000123862.jpg,vehicle
000000123867.jpg,dog
000000124152.jpg,vehicle
000000124739.jpg,vehicle
000000125266.jpg,vehicle
000000125394.jpg,airplane
000000125690.jpg,dog
000000125720.jpg,vehicle
000000125848.jpg,vehicle
000000126282.jpg,airplane
000000126324.jpg,cat
000000126608.jpg,vehicle
000000126979.jpg,airplane
000000127424.jpg,airplane
000000127477.jpg,cat
000000127643.jpg,dog
000000127997.jpg,vehicle
000000128012.jpg,airplane
000000128215.jpg,vehicle
000000128429.jpg,cat
000000128503.jpg,vehicle
000000128679.jpg,cat
000000129032.jpg,airplane
000000129445.jpg,cat
000000129737.jpg,dog
000000129957.jpg,vehicle
000000131579.jpg,vehicle
000000131784.jpg,airplane
000000132170.jpg,dog
000000132294.jpg,dog
000000132690.jpg,dog
000000132847.jpg,airplane
000000133227.jpg,airplane
000000133999.jpg,vehicle
000000134334.jpg,airplane
000000134383.jpg,vehicle
000000135158.jpg,cat
000000135270.jpg,vehicle
000000135463.jpg,vehicle
000000136129.jpg,dog
000000136218.jpg,airplane
000000137156.jpg,vehicle
000000137206.jpg,cat
000000137366.jpg,vehicle
000000137413.jpg,cat
000000137822.jpg,vehicle
000000137961.jpg,cat
000000138699.jpg,cat
000000138755.jpg,airplane
000000139214.jpg,vehicle
000000139389.jpg,vehicle
000000139500.jpg,dog
000000139507.jpg,vehicle
000000139712.jpg,vehicle
000000140008.jpg,vehicle
000000140236.jpg,vehicle
000000140565.jpg,airplane
000000140585.jpg,vehicle
000000141240.jpg,dog
000000141376.jpg,cat
000000141587.jpg,airplane
000000141616.jpg,vehicle
000000141834.jpg,airplane
000000142349.jpg,vehicle
000000142712.jpg,airplane
000000142779.jpg,dog
000000143085.jpg,airplane
000000143231.jpg,vehicle
000000143277.jpg,vehicle
000000143532.jpg,dog
000000143612.jpg,cat
000000143655.jpg,vehicle
000000143876.jpg,cat
000000143877.jpg,airplane
000000144088.jpg,cat
000000144259.jpg,airplane
000000144831.jpg,airplane
000000145249.jpg,airplane
000000145518.jpg,vehicle
000000145551.jpg,airplane
000000145748.jpg,airplane
000000145945.jpg,vehicle
000000145978.jpg,airplane
000000146058.jpg,dog
000000146389.jpg,vehicle
000000146411.jpg,cat
000000146767.jpg,cat
000000147195.jpg,vehicle
000000147211.jpg,vehicle
000000147418.jpg,airplane
000000147425.jpg,cat
000000147698.jpg,airplane
000000147972.jpg,vehicle
000000147975.jpg,cat
000000148458.jpg,dog
000000148828.jpg,dog
000000149646.jpg,cat
000000149862.jpg,airplane
000000149974.jpg,vehicle
000000150181.jpg,airplane
000000151081.jpg,airplane
000000151112.jpg,vehicle
000000151211.jpg,vehicle
000000151229.jpg,cat
000000151347.jpg,airplane
000000151499.jpg,vehicle
000000151585.jpg,cat
000000151587.jpg,vehicle
000000151594.jpg,vehicle
000000151709.jpg,airplane
000000151877.jpg,vehicle
000000151934.jpg,vehicle
000000151975.jpg,cat
000000152470.jpg,airplane
000000152742.jpg,cat
000000152812.jpg,cat
000000153167.jpg,airplane
000000153966.jpg,cat
000000154068.jpg,airplane
000000154343.jpg,vehicle
000000154656.jpg,airplane
000000154847.jpg,dog
000000155117.jpg,dog
000000155364.jpg,vehicle
000000155707.jpg,cat
000000155749.jpg,cat
000000156102.jpg,dog
000000156204.jpg,airplane
000000156445.jpg,airplane
000000156620.jpg,dog
000000156963.jpg,vehicle
000000157021.jpg,airplane
000000157153.jpg,vehicle
000000157539.jpg,vehicle
000000157923.jpg,vehicle
000000158109.jpg,cat
000000158118.jpg,vehicle
000000158307.jpg,airplane
000000158915.jpg,vehicle
000000159170.jpg,cat
000000159926.jpg,vehicle
000000159944.jpg,cat
000000160004.jpg,vehicle
000000160211.jpg,vehicle
000000160276.jpg,vehicle
000000160313.jpg,vehicle
000000160610.jpg,vehicle
000000160626.jpg,airplane
000000160822.jpg,airplane
000000160974.jpg,airplane
000000161543.jpg,cat
000000161873.jpg,vehicle
000000161973.jpg,airplane
000000162206.jpg,cat
000000162561.jpg,vehicle
000000162747.jpg,vehicle
000000162792.jpg,vehicle
000000162939.jpg,airplane
000000163387.jpg,vehicle
000000163474.jpg,vehicle
000000163897.jpg,vehicle
000000164222.jpg,airplane
000000164360.jpg,vehicle
000000164487.jpg,airplane
000000164944.jpg,airplane
000000165347.jpg,vehicle
000000165470.jpg,cat
000000165937.jpg,airplane
000000166499.jpg,vehicle
000000166503.jpg,vehicle
000000167083.jpg,vehicle
000000167505.jpg,vehicle
000000167603.jpg,vehicle
000000167792.jpg,vehicle
000000168146.jpg,cat
000000168200.jpg,airplane
000000168317.jpg,dog
000000168375.jpg,dog
000000168541.jpg,cat
000000168558.jpg,airplane
000000168847.jpg,cat
000000168948.jpg,cat
000000169026.jpg,vehicle
000000169321.jpg,airplane
000000169360.jpg,vehicle
000000169499.jpg,vehicle
000000169936.jpg,airplane
000000170366.jpg,vehicle
000000170425.jpg,vehicle
000000170605.jpg,airplane
000000170706.jpg,airplane
000000171378.jpg,vehicle
000000171408.jpg,dog
000000171637.jpg,airplane
000000171809.jpg,cat
000000171915.jpg,vehicle
000000172020.jpg,cat
000000172059.jpg,vehicle
000000172163.jpg,cat
000000172310.jpg,dog
000000172599.jpg,airplane
000000173252.jpg,vehicle
000000173484.jpg,dog
000000173596.jpg,airplane
000000173634.jpg,vehicle
000000173722.jpg,vehicle
000000173832.jpg,cat
000000173907.jpg,cat
000000173987.jpg,dog
000000174005.jpg,cat
000000174066.jpg,dog
000000174712.jpg,airplane
000000174787.jpg,dog
000000174871.jpg,dog
000000175347.jpg,airplane
000000175500.jpg,vehicle
000000175801.jpg,vehicle
000000176298.jpg,dog
000000176372.jpg,vehicle
000000176466.jpg,vehicle
000000176505.jpg,vehicle
000000176621.jpg,vehicle
000000176729.jpg,vehicle
000000176991.jpg,dog
000000177023.jpg,airplane
000000177353.jpg,vehicle
000000177413.jpg,airplane
000000177418.jpg,vehicle
000000177755.jpg,airplane
000000177786.jpg,airplane
000000177922.jpg,vehicle
000000178157.jpg,dog
000000178485.jpg,cat
000000178550.jpg,vehicle
000000178647.jpg,vehicle
000000178749.jpg,vehicle
000000178818.jpg,dog
000000178870.jpg,airplane
000000179331.jpg,vehicle
000000179650.jpg,airplane
000000179725.jpg,dog
000000179906.jpg,vehicle
000000180013.jpg,vehicle
000000180168.jpg,cat
000000180494.jpg,vehicle
000000180738.jpg,cat
000000180765.jpg,vehicle
000000181069.jpg,cat
000000181125.jpg,dog
000000181586.jpg,dog
000000181739.jpg,cat
000000181992.jpg,vehicle
000000182257.jpg,airplane
000000182874.jpg,vehicle
000000182995.jpg,dog
000000183051.jpg,cat
000000183071.jpg,dog
000000183379.jpg,airplane
000000183646.jpg,airplane
000000183811.jpg,airplane
000000184431.jpg,vehicle
000000184669.jpg,vehicle
000000184771.jpg,dog
000000185646.jpg,vehicle
000000185888.jpg,airplane
000000185943.jpg,vehicle
000000186412.jpg,dog
000000186484.jpg,cat
000000186635.jpg,cat
000000186821.jpg,vehicle
000000187108.jpg,airplane
000000187156.jpg,dog
000000187181.jpg,vehicle
000000187280.jpg,vehicle
000000187349.jpg,vehicle
000000187557.jpg,airplane
000000187844.jpg,airplane
000000188017.jpg,vehicle
000000188077.jpg,airplane
000000188346.jpg,vehicle
000000188667.jpg,cat
000000188824.jpg,cat
000000189504.jpg,dog
000000189773.jpg,vehicle
000000189836.jpg,dog
000000190199.jpg,airplane
000000190406.jpg,vehicle
000000191321.jpg,vehicle
000000191474.jpg,vehicle
000000191738.jpg,cat
000000191785.jpg,airplane
000000191802.jpg,airplane
000000191873.jpg,vehicle
000000192128.jpg,vehicle
000000192594.jpg,vehicle
000000192669.jpg,airplane
000000193243.jpg,vehicle
000000193479.jpg,vehicle
000000193506.jpg,cat
000000193853.jpg,vehicle
000000194105.jpg,airplane
000000194306.jpg,vehicle
000000194398.jpg,vehicle
000000194605.jpg,dog
000000194722.jpg,airplane
000000194752.jpg,vehicle
000000194862.jpg,airplane
000000195755.jpg,airplane
000000195951.jpg,vehicle
000000196131.jpg,vehicle
000000196619.jpg,cat
000000197226.jpg,airplane
000000197686.jpg,airplane
000000197716.jpg,vehicle
000000197807.jpg,vehicle
000000198486.jpg,vehicle
000000198775.jpg,vehicle
000000199141.jpg,cat
000000199492.jpg,vehicle
000000199570.jpg,cat
000000199732.jpg,vehicle
000000199940.jpg,cat
000000200250.jpg,vehicle
000000200335.jpg,vehicle
000000200391.jpg,airplane
000000200404.jpg,vehicle
000000200777.jpg,airplane
000000200788.jpg,vehicle
000000200830.jpg,vehicle
000000200988.jpg,vehicle
000000201151.jpg,cat
000000201496.jpg,vehicle
000000201706.jpg,vehicle
000000202112.jpg,vehicle
000000202573.jpg,airplane
000000202810.jpg,vehicle
000000203022.jpg,cat
000000203110.jpg,vehicle
000000203252.jpg,vehicle
000000203458.jpg,vehicle
000000203463.jpg,cat
000000203976.jpg,dog
000000204279.jpg,vehicle
000000204509.jpg,dog
000000204650.jpg,airplane
000000205464.jpg,airplane
000000206363.jpg,airplane
000000206412.jpg,cat
000000206451.jpg,vehicle
000000206656.jpg,cat
000000206670.jpg,airplane
000000206684.jpg,vehicle
000000207236.jpg,vehicle
000000207289.jpg,dog
000000208067.jpg,vehicle
000000208165.jpg,cat
000000208329.jpg,airplane
000000208849.jpg,vehicle
000000209097.jpg,vehicle
000000209405.jpg,vehicle
000000209788.jpg,vehicle
000000209903.jpg,cat
000000210024.jpg,airplane
000000210057.jpg,vehicle
000000210124.jpg,airplane
000000210276.jpg,cat
000000210731.jpg,vehicle
000000210849.jpg,vehicle
000000211969.jpg,airplane
000000212241.jpg,vehicle
000000212648.jpg,vehicle
000000212714.jpg,dog
000000212941.jpg,vehicle
000000213602.jpg,airplane
000000213780.jpg,vehicle
000000213851.jpg,dog
000000214055.jpg,airplane
000000214255.jpg,vehicle
000000215287.jpg,vehicle
000000216103.jpg,dog
000000216319.jpg,vehicle
000000216391.jpg,airplane
000000216393.jpg,vehicle
000000216480.jpg,cat
000000216742.jpg,vehicle
000000216952.jpg,vehicle
000000217299.jpg,cat
000000217846.jpg,vehicle
000000218114.jpg,cat
000000218134.jpg,vehicle
000000218454.jpg,dog
000000218850.jpg,vehicle
000000219274.jpg,vehicle
000000219442.jpg,airplane
000000219606.jpg,airplane
000000219754.jpg,airplane
000000220118.jpg,dog
000000220255.jpg,airplane
000000220686.jpg,vehicle
000000220777.jpg,cat
000000221184.jpg,airplane
000000221322.jpg,airplane
000000221416.jpg,dog
000000221691.jpg,airplane
000000222145.jpg,cat
000000222146.jpg,cat
000000222489.jpg,vehicle
000000222929.jpg,vehicle
000000223481.jpg,vehicle
000000223755.jpg,vehicle
000000223932.jpg,dog
000000224034.jpg,vehicle
000000224247.jpg,airplane
000000224367.jpg,dog
000000224375.jpg,airplane
000000224861.jpg,cat
000000225174.jpg,airplane
000000225177.jpg,vehicle
000000225225.jpg,vehicle
000000225313.jpg,vehicle
000000225787.jpg,airplane
000000226065.jpg,vehicle
000000226220.jpg,cat
000000226528.jpg,vehicle
000000227093.jpg,dog
000000227205.jpg,vehicle
000000227606.jpg,cat
000000227677.jpg,airplane
000000227940.jpg,airplane
000000228002.jpg,airplane
000000228411.jpg,vehicle
000000228764.jpg,cat
000000228881.jpg,vehicle
000000229559.jpg,vehicle
000000229942.jpg,vehicle
000000230151.jpg,cat
000000230227.jpg,dog
000000230864.jpg,vehicle
000000230893.jpg,vehicle
000000231368.jpg,vehicle
000000231408.jpg,dog
000000231846.jpg,cat
000000231863.jpg,vehicle
000000231966.jpg,airplane
000000232011.jpg,vehicle
000000232165.jpg,dog
000000232262.jpg,vehicle
000000232277.jpg,airplane
000000232551.jpg,vehicle
000000232806.jpg,cat
000000233369.jpg,airplane
000000233379.jpg,cat
000000233660.jpg,dog
000000233935.jpg,airplane
000000234162.jpg,airplane
000000235274.jpg,cat
000000235380.jpg,vehicle
000000235536.jpg,vehicle
000000235600.jpg,vehicle
000000235740.jpg,dog
000000235842.jpg,cat
000000235905.jpg,vehicle
000000236031.jpg,cat
000000236117.jpg,dog
000000236224.jpg,vehicle
000000236941.jpg,dog
000000237210.jpg,vehicle
000000237286.jpg,cat
000000237324.jpg,vehicle
000000237427.jpg,airplane
000000237685.jpg,vehicle
000000237764.jpg,cat
000000237843.jpg,airplane
000000238117.jpg,airplane
000000238223.jpg,vehicle
000000238290.jpg,airplane
000000238902.jpg,vehicle
000000239171.jpg,airplane
000000239492.jpg,vehicle
000000239870.jpg,airplane
000000240775.jpg,vehicle
000000241559.jpg,vehicle
000000241785.jpg,dog
000000242034.jpg,vehicle
000000242153.jpg,airplane
000000242298.jpg,airplane
000000242376.jpg,airplane
000000242458.jpg,vehicle
000000242564.jpg,vehicle
000000242696.jpg,cat
000000243292.jpg,vehicle
000000243421.jpg,vehicle
000000244246.jpg,airplane
000000244421.jpg,vehicle
000000244487.jpg,airplane
000000244870.jpg,vehicle
000000245202.jpg,airplane
000000245481.jpg,vehicle
000000245997.jpg,cat
000000246012.jpg,airplane
000000246074.jpg,vehicle
000000246951.jpg,airplane
000000247052.jpg,vehicle
000000247068.jpg,dog
000000247130.jpg,airplane
000000247394.jpg,airplane
000000247576.jpg,vehicle
000000248640.jpg,cat
000000249291.jpg,vehicle
000000249482.jpg,airplane
000000249621.jpg,vehicle
000000249670.jpg,vehicle
000000249941.jpg,cat
000000250241.jpg,airplane
000000250424.jpg,dog
000000250608.jpg,vehicle
000000251256.jpg,airplane
000000251283.jpg,airplane
000000251454.jpg,airplane
000000252265.jpg,dog
000000252292.jpg,vehicle
000000252736.jpg,airplane
000000252745.jpg,dog
000000253223.jpg,airplane
000000253285.jpg,airplane
000000253557.jpg,airplane
000000253789.jpg,cat
000000254132.jpg,cat
000000254179.jpg,vehicle
000000254710.jpg,airplane
000000254726.jpg,airplane
000000254729.jpg,airplane
000000255045.jpg,cat
000000255096.jpg,airplane
000000255179.jpg,cat
000000255244.jpg,cat
000000255330.jpg,vehicle
000000256576.jpg,vehicle
000000256607.jpg,vehicle
000000257036.jpg,dog
000000257448.jpg,vehicle
000000257712.jpg,vehicle
000000257833.jpg,airplane
000000258094.jpg,airplane
000000258674.jpg,vehicle
000000258702.jpg,vehicle
000000258856.jpg,vehicle
000000259265.jpg,vehicle
000000259553.jpg,airplane
000000259557.jpg,cat
000000260123.jpg,vehicle
000000260139.jpg,vehicle
000000261431.jpg,vehicle
000000261471.jpg,vehicle
000000262014.jpg,cat
000000262187.jpg,airplane
000000262492.jpg,airplane
000000262505.jpg,vehicle
000000262710.jpg,vehicle
000000263101.jpg,vehicle
000000263104.jpg,vehicle
000000263493.jpg,cat
000000263603.jpg,vehicle
000000263612.jpg,dog
000000263770.jpg,vehicle
000000263826.jpg,vehicle
000000264388.jpg,vehicle
000000264599.jpg,vehicle
000000264787.jpg,cat
000000264885.jpg,cat
000000265106.jpg,airplane
000000265454.jpg,vehicle
000000265957.jpg,cat
000000266029.jpg,cat
000000266070.jpg,airplane
000000266379.jpg,dog
000000266659.jpg,airplane
000000267372.jpg,vehicle
000000267604.jpg,vehicle
000000267605.jpg,cat
000000268268.jpg,vehicle
000000268388.jpg,cat
000000268468.jpg,vehicle
000000268570.jpg,cat
000000268643.jpg,airplane
000000268774.jpg,vehicle
000000268781.jpg,cat
000000268921.jpg,airplane
000000268937.jpg,dog
000000268944.jpg,airplane
000000269054.jpg,dog
000000269088.jpg,airplane
000000269160.jpg,vehicle
000000269888.jpg,vehicle
000000269913.jpg,vehicle
000000270034.jpg,cat
000000270175.jpg,vehicle
000000270583.jpg,vehicle
000000270906.jpg,airplane
000000271002.jpg,cat
000000271112.jpg,dog
000000271183.jpg,cat
000000271266.jpg,airplane
000000271357.jpg,cat
000000271360.jpg,vehicle
000000271401.jpg,airplane
000000271464.jpg,vehicle
000000271907.jpg,cat
000000272173.jpg,airplane
000000272430.jpg,vehicle
000000272736.jpg,airplane
000000272901.jpg,vehicle
000000273641.jpg,vehicle
000000274012.jpg,vehicle
000000274631.jpg,airplane
000000275206.jpg,vehicle
000000275432.jpg,vehicle
000000275939.jpg,airplane
000000276506.jpg,vehicle
000000276597.jpg,vehicle
000000276703.jpg,vehicle
000000276766.jpg,vehicle
000000276894.jpg,vehicle
000000277048.jpg,vehicle
000000277094.jpg,vehicle
000000277403.jpg,airplane
000000277932.jpg,vehicle
000000278489.jpg,airplane
000000279322.jpg,cat
000000279530.jpg,dog
000000279543.jpg,airplane
000000279874.jpg,vehicle
000000279899.jpg,cat
000000280024.jpg,airplane
000000280224.jpg,vehicle
000000280643.jpg,airplane
000000280995.jpg,vehicle
000000281103.jpg,airplane
000000281160.jpg,vehicle
000000281177.jpg,vehicle
000000281296.jpg,cat
000000281351.jpg,cat
000000281997.jpg,airplane
000000282002.jpg,cat
000000282366.jpg,vehicle
000000282552.jpg,vehicle
000000282591.jpg,cat
000000283278.jpg,vehicle
000000283408.jpg,dog
000000283679.jpg,vehicle
000000283913.jpg,vehicle
000000283940.jpg,dog
000000284084.jpg,vehicle
000000284772.jpg,dog
000000284783.jpg,vehicle
000000285114.jpg,airplane
000000285131.jpg,vehicle
000000285499.jpg,airplane
000000285733.jpg,dog
000000285968.jpg,cat
000000286101.jpg,airplane
000000286247.jpg,airplane
000000286336.jpg,airplane
000000287049.jpg,airplane
000000287210.jpg,dog
000000287422.jpg,dog
000000287567.jpg,dog
000000287877.jpg,vehicle
000000288002.jpg,airplane
000000288347.jpg,airplane
000000288770.jpg,cat
000000288824.jpg,vehicle
000000288880.jpg,vehicle
000000289740.jpg,vehicle
000000289807.jpg,vehicle
000000290578.jpg,airplane
000000290659.jpg,dog
000000291048.jpg,vehicle
000000291780.jpg,airplane
000000291868.jpg,vehicle
000000292970.jpg,dog
000000292973.jpg,airplane
000000292977.jpg,vehicle
000000292993.jpg,cat
000000293276.jpg,cat
000000293293.jpg,dog
000000293785.jpg,vehicle
000000293909.jpg,vehicle
000000294002.jpg,vehicle
000000294890.jpg,cat
000000294962.jpg,vehicle
000000295329.jpg,vehicle
000000295410.jpg,vehicle
000000295765.jpg,airplane
000000296188.jpg,cat
000000296265.jpg,airplane
000000296782.jpg,vehicle
000000297108.jpg,dog
000000297154.jpg,airplane
000000297828.jpg,vehicle
000000297906.jpg,vehicle
000000298242.jpg,airplane
000000298299.jpg,cat
000000298479.jpg,cat
000000298649.jpg,vehicle
000000299103.jpg,cat
000000299647.jpg,cat
000000299970.jpg,vehicle
000000300120.jpg,cat
000000300476.jpg,vehicle
000000301018.jpg,airplane
000000301146.jpg,cat
000000301769.jpg,vehicle
000000301926.jpg,vehicle
000000302241.jpg,airplane
000000302281.jpg,airplane
000000302481.jpg,airplane
000000302787.jpg,vehicle
000000302886.jpg,airplane
000000302989.jpg,airplane
000000303651.jpg,dog
000000303723.jpg,airplane
000000303872.jpg,vehicle
000000304866.jpg,airplane
000000304876.jpg,airplane
000000305101.jpg,vehicle
000000305170.jpg,vehicle
000000305254.jpg,vehicle
000000305278.jpg,dog
000000305283.jpg,dog
000000305569.jpg,airplane
000000305954.jpg,airplane
000000306161.jpg,vehicle
000000306173.jpg,cat
000000306395.jpg,dog
000000306451.jpg,vehicle
000000306554.jpg,cat
000000306855.jpg,cat
000000306949.jpg,cat
000000307061.jpg,dog
000000308100.jpg,vehicle
000000308548.jpg,vehicle
000000308549.jpg,cat
000000308798.jpg,cat
000000308974.jpg,airplane
000000309237.jpg,dog
000000309526.jpg,dog
000000309531.jpg,airplane
000000309568.jpg,cat
000000309615.jpg,vehicle
000000309836.jpg,airplane
000000309859.jpg,vehicle
000000309968.jpg,dog
000000310851.jpg,vehicle
000000310926.jpg,vehicle
000000310958.jpg,cat
000000310989.jpg,airplane
000000311067.jpg,airplane
000000311471.jpg,vehicle
000000311619.jpg,airplane
000000311641.jpg,airplane
000000311683.jpg,dog
000000311965.jpg,cat
000000312550.jpg,cat
000000313280.jpg,vehicle
000000314126.jpg,vehicle
000000314140.jpg,dog
000000314408.jpg,airplane
000000314537.jpg,cat
000000314538.jpg,vehicle
000000314751.jpg,cat
000000315065.jpg,airplane
000000315073.jpg,cat
000000315322.jpg,vehicle
000000315621.jpg,vehicle
000000315769.jpg,vehicle
000000316152.jpg,vehicle
000000316474.jpg,airplane
000000316563.jpg,dog
000000316649.jpg,airplane
000000317173.jpg,cat
000000317460.jpg,vehicle
000000317480.jpg,cat
000000317768.jpg,vehicle
000000317781.jpg,dog
000000318328.jpg,cat
000000318467.jpg,dog
000000319005.jpg,vehicle
000000319053.jpg,vehicle
000000319062.jpg,dog
000000319227.jpg,vehicle
000000319260.jpg,airplane
000000319354.jpg,vehicle
000000320078.jpg,dog
000000320117.jpg,vehicle
000000320171.jpg,vehicle
000000320600.jpg,cat
000000320926.jpg,vehicle
000000321577.jpg,airplane
000000321679.jpg,vehicle
000000321711.jpg,vehicle
000000321861.jpg,cat
000000321886.jpg,vehicle
000000322143.jpg,vehicle
000000322870.jpg,dog
000000323162.jpg,cat
000000323164.jpg,dog
000000323528.jpg,vehicle
000000323737.jpg,vehicle
000000323868.jpg,airplane
000000323950.jpg,airplane
000000324778.jpg,airplane
000000324958.jpg,vehicle
000000325220.jpg,vehicle
000000325221.jpg,dog
000000325366.jpg,vehicle
000000325646.jpg,airplane
000000325786.jpg,airplane
000000326077.jpg,vehicle
000000326224.jpg,dog
000000326639.jpg,vehicle
000000327146.jpg,cat
000000327186.jpg,airplane
000000327281.jpg,vehicle
000000327539.jpg,airplane
000000327895.jpg,vehicle
000000328069.jpg,cat
000000328088.jpg,vehicle
000000328119.jpg,vehicle
000000328487.jpg,vehicle
000000328760.jpg,dog
000000329001.jpg,dog
000000329012.jpg,dog
000000329084.jpg,vehicle
000000329097.jpg,airplane
000000329147.jpg,vehicle
000000329602.jpg,cat
000000329641.jpg,cat
000000329766.jpg,vehicle
000000329900.jpg,vehicle
000000330028.jpg,dog
000000330426.jpg,vehicle
000000330919.jpg,airplane
000000331093.jpg,vehicle
000000331379.jpg,vehicle
000000331405.jpg,airplane
000000331772.jpg,airplane
000000332271.jpg,vehicle
000000332362.jpg,vehicle
000000332439.jpg,cat
000000332485.jpg,cat
000000332722.jpg,dog
000000333083.jpg,vehicle
000000333291.jpg,cat
000000333363.jpg,airplane
000000333365.jpg,airplane
000000333371.jpg,airplane
000000333443.jpg,cat
000000333463.jpg,vehicle
000000333746.jpg,vehicle
000000333894.jpg,airplane
000000335009.jpg,dog
000000335119.jpg,vehicle
000000335336.jpg,vehicle
000000335486.jpg,vehicle
000000336058.jpg,vehicle
000000336804.jpg,dog
000000337013.jpg,airplane
000000337180.jpg,cat
000000337275.jpg,cat
000000337796.jpg,vehicle
000000338833.jpg,vehicle
000000338882.jpg,cat
000000338994.jpg,vehicle
000000339244.jpg,dog
000000339344.jpg,vehicle
000000339536.jpg,vehicle
000000339852.jpg,dog
000000340096.jpg,vehicle
000000340276.jpg,dog
000000340343.jpg,dog
000000340398.jpg,airplane
000000342085.jpg,cat
000000343319.jpg,vehicle
000000343322.jpg,vehicle
000000343401.jpg,dog
000000343552.jpg,cat
000000343905.jpg,airplane
000000343963.jpg,vehicle
000000344597.jpg,dog
000000344702.jpg,vehicle
000000344989.jpg,vehicle
000000345329.jpg,airplane
000000345625.jpg,vehicle
000000345848.jpg,vehicle
000000346026.jpg,vehicle
000000346158.jpg,dog
000000346482.jpg,airplane
000000346544.jpg,vehicle
000000346716.jpg,vehicle
000000346904.jpg,vehicle
000000347135.jpg,vehicle
000000347652.jpg,airplane
000000347728.jpg,vehicle
000000348046.jpg,cat
000000348290.jpg,cat
000000348400.jpg,vehicle
000000348451.jpg,airplane
000000348715.jpg,airplane
000000349459.jpg,airplane
000000349475.jpg,airplane
000000349573.jpg,cat
000000349777.jpg,cat
000000349809.jpg,cat
000000349931.jpg,vehicle
000000350073.jpg,airplane
000000350987.jpg,airplane
000000351191.jpg,vehicle
000000351287.jpg,dog
000000351352.jpg,airplane
000000351840.jpg,vehicle
000000352107.jpg,vehicle
000000352196.jpg,cat
000000352264.jpg,airplane
000000352407.jpg,vehicle
000000352601.jpg,vehicle
000000352612.jpg,airplane
000000352938.jpg,vehicle
000000352965.jpg,dog
000000353400.jpg,airplane
000000353933.jpg,vehicle
000000354205.jpg,airplane
000000354493.jpg,cat
000000354537.jpg,vehicle
000000354544.jpg,cat
000000354604.jpg,airplane
000000354821.jpg,vehicle
000000355057.jpg,airplane
000000355968.jpg,airplane
000000356323.jpg,dog
000000356362.jpg,airplane
000000357542.jpg,dog
000000357829.jpg,airplane
000000357944.jpg,vehicle
000000357976.jpg,vehicle
000000358200.jpg,airplane
000000358301.jpg,vehicle
000000358781.jpg,vehicle
000000358976.jpg,cat
000000359695.jpg,vehicle
000000359860.jpg,airplane
000000359908.jpg,cat
000000360262.jpg,airplane
000000360374.jpg,vehicle
000000360869.jpg,vehicle
000000361339.jpg,dog
000000361370.jpg,airplane
000000362130.jpg,airplane
000000362213.jpg,vehicle
000000362289.jpg,cat
000000363205.jpg,airplane
000000363607.jpg,vehicle
000000364010.jpg,dog
000000364145.jpg,airplane
000000364312.jpg,vehicle
000000364476.jpg,vehicle
000000364566.jpg,cat
000000365437.jpg,vehicle
000000365611.jpg,vehicle
000000366484.jpg,dog
000000366485.jpg,vehicle
000000367111.jpg,airplane
000000367409.jpg,vehicle
000000367434.jpg,airplane
000000367462.jpg,airplane
000000367491.jpg,cat
000000367747.jpg,vehicle
000000367758.jpg,dog
000000367917.jpg,dog
000000368014.jpg,airplane
000000368479.jpg,airplane
000000368541.jpg,airplane
000000368648.jpg,vehicle
000000369299.jpg,vehicle
000000369341.jpg,cat
000000369521.jpg,dog
000000369689.jpg,vehicle
000000369878.jpg,vehicle
000000370210.jpg,dog
000000370363.jpg,airplane
000000370423.jpg,cat
000000370426.jpg,vehicle
000000370503.jpg,vehicle
000000370550.jpg,airplane
000000370718.jpg,vehicle
000000370765.jpg,dog
000000371091.jpg,airplane
000000371382.jpg,vehicle
000000371438.jpg,airplane
000000371588.jpg,airplane
000000371701.jpg,vehicle
000000371773.jpg,cat
000000371890.jpg,dog
000000371973.jpg,airplane
000000372029.jpg,dog
000000372615.jpg,vehicle
000000372620.jpg,vehicle
000000372874.jpg,dog
000000373396.jpg,dog
000000373731.jpg,vehicle
000000373846.jpg,airplane
000000374302.jpg,vehicle
000000374375.jpg,dog
000000374490.jpg,vehicle
000000374502.jpg,airplane
000000374818.jpg,airplane
000000375296.jpg,dog
000000375455.jpg,airplane
000000375680.jpg,vehicle
000000376029.jpg,dog
000000376128.jpg,airplane
000000376283.jpg,vehicle
000000376595.jpg,cat
000000376668.jpg,vehicle
000000376793.jpg,vehicle
000000377115.jpg,airplane
000000377226.jpg,vehicle
000000377278.jpg,dog
000000377366.jpg,dog
000000377493.jpg,airplane
000000377592.jpg,vehicle
000000378268.jpg,airplane
000000378711.jpg,vehicle
000000378865.jpg,vehicle
000000378906.jpg,vehicle
000000379086.jpg,vehicle
000000379165.jpg,cat
000000379448.jpg,vehicle
000000379605.jpg,airplane
000000379612.jpg,airplane
000000379711.jpg,vehicle
000000379749.jpg,airplane
000000379799.jpg,cat
000000380096.jpg,vehicle
000000380117.jpg,cat
000000380252.jpg,dog
000000380525.jpg,cat
000000380665.jpg,vehicle
000000381274.jpg,airplane
000000381433.jpg,vehicle
000000382607.jpg,airplane
000000382689.jpg,airplane
000000382737.jpg,dog
000000383053.jpg,vehicle
000000383085.jpg,vehicle
000000383112.jpg,vehicle
000000383885.jpg,dog
000000383923.jpg,vehicle
000000384680.jpg,vehicle
000000384742.jpg,cat
000000384827.jpg,vehicle
000000384935.jpg,vehicle
000000385066.jpg,vehicle
000000385168.jpg,dog
000000385204.jpg,cat
000000385346.jpg,vehicle
000000385625.jpg,airplane
000000386152.jpg,cat
000000386291.jpg,cat
000000386414.jpg,cat
000000386500.jpg,dog
000000386592.jpg,vehicle
000000386973.jpg,vehicle
000000387000.jpg,cat
000000387161.jpg,airplane
000000387248.jpg,airplane
000000387296.jpg,airplane
000000387796.jpg,vehicle
000000387933.jpg,dog
000000388399.jpg,cat
000000388841.jpg,cat
000000389672.jpg,airplane
000000389718.jpg,cat
000000389996.jpg,dog
000000390001.jpg,vehicle
000000390322.jpg,cat
000000390496.jpg,airplane
000000390515.jpg,vehicle
000000390935.jpg,vehicle
000000391392.jpg,vehicle
000000391456.jpg,vehicle
000000391839.jpg,airplane
000000392060.jpg,vehicle
000000392111.jpg,vehicle
000000392717.jpg,vehicle
000000392949.jpg,vehicle
000000393303.jpg,vehicle
000000393432.jpg,cat
000000393656.jpg,airplane
000000394640.jpg,vehicle
000000395850.jpg,airplane
000000396217.jpg,dog
000000396326.jpg,cat
000000396432.jpg,dog
000000396490.jpg,airplane
000000396907.jpg,vehicle
000000396933.jpg,cat
000000397045.jpg,cat
000000397212.jpg,cat
000000397353.jpg,airplane
000000397358.jpg,dog
000000397375.jpg,vehicle
000000397511.jpg,vehicle
000000397522.jpg,vehicle
000000397606.jpg,cat
000000397894.jpg,cat
000000397903.jpg,vehicle
000000398148.jpg,vehicle
000000398285.jpg,dog
000000398435.jpg,airplane
000000398442.jpg,vehicle
000000398489.jpg,cat
000000398649.jpg,airplane
000000399232.jpg,vehicle
000000399332.jpg,vehicle
000000399349.jpg,dog
000000399784.jpg,airplane
000000399946.jpg,vehicle
000000399998.jpg,vehicle
000000400093.jpg,vehicle
000000400285.jpg,dog
000000400313.jpg,cat
000000400436.jpg,vehicle
000000400617.jpg,airplane
000000401229.jpg,vehicle
000000401291.jpg,airplane
000000401312.jpg,vehicle
000000401758.jpg,dog
000000401783.jpg,airplane
000000401921.jpg,vehicle
000000402177.jpg,cat
000000402742.jpg,dog
000000402798.jpg,airplane
000000403064.jpg,vehicle
000000403132.jpg,vehicle
000000403184.jpg,vehicle
000000403360.jpg,vehicle
000000403657.jpg,vehicle
000000403820.jpg,airplane
000000403940.jpg,airplane
000000404221.jpg,vehicle
000000404563.jpg,dog
000000405058.jpg,cat
000000405174.jpg,cat
000000405225.jpg,dog
000000405278.jpg,cat
000000406070.jpg,vehicle
000000406491.jpg,cat
000000406657.jpg,vehicle
000000406920.jpg,vehicle
000000406932.jpg,vehicle
000000407139.jpg,dog
000000407422.jpg,vehicle
000000407559.jpg,vehicle
000000407585.jpg,vehicle
000000407812.jpg,vehicle
000000407972.jpg,airplane
000000408016.jpg,airplane
000000408206.jpg,airplane
000000408303.jpg,vehicle
000000408424.jpg,vehicle
000000408537.jpg,vehicle
000000408607.jpg,cat
000000408610.jpg,vehicle
000000408818.jpg,vehicle
000000408965.jpg,airplane
000000409126.jpg,vehicle
000000409135.jpg,vehicle
000000409652.jpg,cat
000000409653.jpg,airplane
000000409933.jpg,airplane
000000409963.jpg,vehicle
000000410168.jpg,dog
000000410603.jpg,vehicle
000000411047.jpg,vehicle
000000411130.jpg,vehicle
000000411243.jpg,vehicle
000000411334.jpg,cat
000000411603.jpg,vehicle
000000411674.jpg,vehicle
000000412187.jpg,cat
000000412363.jpg,dog
000000412676.jpg,vehicle
000000412824.jpg,vehicle
000000413245.jpg,dog
000000413250.jpg,cat
000000414161.jpg,airplane
000000415028.jpg,airplane
000000415042.jpg,airplane
000000415530.jpg,vehicle
000000415828.jpg,vehicle
000000415840.jpg,vehicle
000000415904.jpg,vehicle
000000416119.jpg,airplane
000000416271.jpg,airplane
000000416345.jpg,cat
000000416368.jpg,cat
000000416869.jpg,airplane
000000417679.jpg,airplane
000000418106.jpg,airplane
000000418251.jpg,vehicle
000000418325.jpg,airplane
000000418563.jpg,cat
000000418624.jpg,vehicle
000000418701.jpg,vehicle
000000418885.jpg,airplane
000000419089.jpg,vehicle
000000419375.jpg,vehicle
000000419682.jpg,airplane
000000420500.jpg,airplane
000000420634.jpg,vehicle
000000421134.jpg,vehicle
000000421314.jpg,airplane
000000421432.jpg,vehicle
000000421457.jpg,cat
000000421569.jpg,vehicle
000000421682.jpg,airplane
000000422272.jpg,cat
000000422432.jpg,vehicle
000000422655.jpg,cat
000000422807.jpg,airplane
000000422869.jpg,vehicle
000000423052.jpg,vehicle
000000423209.jpg,airplane
000000423231.jpg,airplane
000000423643.jpg,vehicle
000000423693.jpg,vehicle
000000424301.jpg,vehicle
000000424705.jpg,vehicle
000000424820.jpg,dog
000000424998.jpg,vehicle
000000426400.jpg,airplane
000000426842.jpg,dog
000000426917.jpg,vehicle
000000427311.jpg,airplane
000000427547.jpg,vehicle
000000427803.jpg,airplane
000000428116.jpg,vehicle
000000428460.jpg,airplane
000000428746.jpg,dog
000000429236.jpg,dog
000000429334.jpg,cat
000000429353.jpg,vehicle
000000429476.jpg,cat
000000429672.jpg,vehicle
000000430122.jpg,vehicle
000000430686.jpg,vehicle
000000430790.jpg,vehicle
000000430818.jpg,cat
000000431023.jpg,vehicle
000000431133.jpg,vehicle
000000431152.jpg,vehicle
000000431184.jpg,vehicle
000000431675.jpg,vehicle
000000431712.jpg,vehicle
000000432120.jpg,vehicle
000000432276.jpg,vehicle
000000432378.jpg,vehicle
000000432673.jpg,cat
000000432906.jpg,cat
000000432962.jpg,vehicle
000000432968.jpg,dog
000000433013.jpg,vehicle
000000433014.jpg,vehicle
000000433084.jpg,airplane
000000433619.jpg,vehicle
000000433786.jpg,cat
000000434214.jpg,cat
000000435034.jpg,vehicle
000000435777.jpg,airplane
000000435803.jpg,airplane
000000436646.jpg,airplane
000000436895.jpg,airplane
000000437126.jpg,cat
000000437395.jpg,vehicle
000000437517.jpg,cat
000000437537.jpg,dog
000000437778.jpg,vehicle
000000438059.jpg,cat
000000438061.jpg,vehicle
000000438306.jpg,vehicle
000000438619.jpg,vehicle
000000438753.jpg,cat
000000438909.jpg,airplane
000000438912.jpg,cat
000000438915.jpg,dog
000000439400.jpg,airplane
000000439531.jpg,cat
000000439615.jpg,vehicle
000000439657.jpg,airplane
000000440460.jpg,vehicle
000000440486.jpg,vehicle
000000440726.jpg,vehicle
000000441083.jpg,vehicle
000000441165.jpg,vehicle
000000441470.jpg,dog
000000441695.jpg,airplane
000000441752.jpg,airplane
000000442457.jpg,cat
000000442468.jpg,dog
000000443499.jpg,dog
000000443509.jpg,cat
000000443641.jpg,vehicle
000000443687.jpg,airplane
000000444210.jpg,airplane
000000444831.jpg,airplane
000000445295.jpg,airplane
000000445371.jpg,vehicle
000000445408.jpg,airplane
000000445606.jpg,vehicle
000000445774.jpg,dog
000000446409.jpg,cat
000000446467.jpg,vehicle
000000446626.jpg,cat
000000446661.jpg,airplane
000000446931.jpg,airplane
000000447424.jpg,dog
000000447688.jpg,vehicle
000000447726.jpg,vehicle
000000448024.jpg,cat
000000448288.jpg,airplane
000000448690.jpg,airplane
000000448871.jpg,vehicle
000000448983.jpg,vehicle
000000449088.jpg,cat
000000449150.jpg,cat
000000449304.jpg,airplane
000000449369.jpg,airplane
000000449379.jpg,cat
000000450324.jpg,vehicle
000000450774.jpg,airplane
000000451123.jpg,cat
000000451381.jpg,cat
000000451440.jpg,dog
000000451449.jpg,dog
000000451594.jpg,vehicle
000000451793.jpg,vehicle
000000451944.jpg,vehicle
000000452300.jpg,dog
000000452398.jpg,vehicle
000000452774.jpg,airplane
000000453332.jpg,vehicle
000000453472.jpg,cat
000000453676.jpg,cat
000000453731.jpg,dog
000000454018.jpg,airplane
000000454172.jpg,vehicle
000000454253.jpg,vehicle
000000456653.jpg,vehicle
000000456845.jpg,airplane
000000457275.jpg,dog
000000457288.jpg,airplane
000000458374.jpg,airplane
000000458390.jpg,vehicle
000000458856.jpg,vehicle
000000459598.jpg,cat
000000459697.jpg,vehicle
000000460125.jpg,airplane
000000460373.jpg,airplane
000000460470.jpg,vehicle
000000460505.jpg,cat
000000460628.jpg,vehicle
000000460702.jpg,vehicle
000000460872.jpg,dog
000000461123.jpg,airplane
000000461236.jpg,vehicle
000000461410.jpg,cat
000000461973.jpg,vehicle
000000461989.jpg,cat
000000462238.jpg,vehicle
000000462505.jpg,vehicle
000000462767.jpg,cat
000000462954.jpg,vehicle
000000463084.jpg,vehicle
000000463593.jpg,dog
000000463669.jpg,cat
000000463788.jpg,vehicle
000000463865.jpg,cat
000000464032.jpg,airplane
000000464111.jpg,vehicle
000000464181.jpg,airplane
000000464909.jpg,airplane
000000465369.jpg,vehicle
000000465701.jpg,airplane
000000465744.jpg,airplane
000000466020.jpg,vehicle
000000466392.jpg,dog
000000466597.jpg,vehicle
000000466921.jpg,vehicle
000000467187.jpg,vehicle
000000467475.jpg,airplane
000000467762.jpg,dog
000000468115.jpg,vehicle
000000468132.jpg,cat
000000468652.jpg,vehicle
000000468679.jpg,airplane
000000469046.jpg,cat
000000469130.jpg,airplane
000000469317.jpg,dog
000000469798.jpg,airplane
000000469902.jpg,cat
000000469996.jpg,vehicle
000000470128.jpg,cat
000000470710.jpg,vehicle
000000470988.jpg,vehicle
000000471439.jpg,airplane
000000472041.jpg,vehicle
000000472266.jpg,dog
000000472452.jpg,vehicle
000000473050.jpg,vehicle
000000473214.jpg,vehicle
000000473634.jpg,cat
000000473665.jpg,vehicle
000000473964.jpg,cat
000000474208.jpg,cat
000000474410.jpg,airplane
000000474434.jpg,dog
000000474607.jpg,dog
000000474667.jpg,cat
000000475580.jpg,vehicle
000000475634.jpg,cat
000000475693.jpg,airplane
000000475710.jpg,airplane
000000475798.jpg,airplane
000000476011.jpg,cat
000000476517.jpg,airplane
000000476736.jpg,dog
000000476993.jpg,airplane
000000477029.jpg,airplane
000000477061.jpg,vehicle
000000477272.jpg,airplane
000000477700.jpg,airplane
000000477791.jpg,cat
000000478927.jpg,cat
000000478977.jpg,dog
000000480140.jpg,vehicle
000000480167.jpg,dog
000000480605.jpg,airplane
000000480720.jpg,cat
000000480872.jpg,vehicle
000000481293.jpg,airplane
000000481313.jpg,cat
000000481357.jpg,vehicle
000000481462.jpg,airplane
000000481773.jpg,dog
000000481940.jpg,airplane
000000482371.jpg,vehicle
000000482734.jpg,airplane
000000482777.jpg,airplane
000000482954.jpg,airplane
000000483475.jpg,airplane
000000483573.jpg,airplane
000000483722.jpg,vehicle
000000484122.jpg,airplane
000000484174.jpg,dog
000000484278.jpg,vehicle
000000484301.jpg,vehicle
000000484401.jpg,cat
000000484761.jpg,airplane
000000485613.jpg,cat
000000485913.jpg,vehicle
000000486521.jpg,vehicle
000000487144.jpg,airplane
000000487353.jpg,vehicle
000000487631.jpg,vehicle
000000487635.jpg,airplane
000000487770.jpg,airplane
000000488014.jpg,dog
000000488156.jpg,cat
000000488563.jpg,cat
000000488655.jpg,dog
000000489687.jpg,vehicle
000000490112.jpg,vehicle
000000490146.jpg,airplane
000000490225.jpg,airplane
000000490294.jpg,airplane
000000490503.jpg,cat
000000490725.jpg,cat
000000491000.jpg,vehicle
000000491113.jpg,dog
000000492067.jpg,airplane
000000492156.jpg,vehicle
000000492298.jpg,airplane
000000492492.jpg,airplane
000000492541.jpg,airplane
000000492639.jpg,vehicle
000000492674.jpg,vehicle
000000492698.jpg,dog
000000492711.jpg,airplane
000000492974.jpg,vehicle
000000493806.jpg,vehicle
000000494190.jpg,vehicle
000000496045.jpg,vehicle
000000496730.jpg,dog
000000497441.jpg,vehicle
000000497504.jpg,airplane
000000497875.jpg,airplane
000000498081.jpg,vehicle
000000498570.jpg,vehicle
000000498758.jpg,vehicle
000000498903.jpg,airplane
000000498988.jpg,cat
000000499028.jpg,dog
000000499360.jpg,vehicle
000000499402.jpg,airplane
000000499512.jpg,airplane
000000499571.jpg,dog
000000499656.jpg,cat
000000499937.jpg,cat
000000500646.jpg,cat
000000501801.jpg,vehicle
000000501842.jpg,vehicle
000000502104.jpg,vehicle
000000503050.jpg,dog
000000503277.jpg,vehicle
000000503378.jpg,vehicle
000000503460.jpg,vehicle
000000503538.jpg,vehicle
000000503674.jpg,vehicle
000000504101.jpg,airplane
000000504341.jpg,dog
000000504902.jpg,dog
000000505093.jpg,airplane
000000505104.jpg,vehicle
000000505160.jpg,cat
000000505343.jpg,vehicle
000000505967.jpg,vehicle
000000506034.jpg,vehicle
000000506151.jpg,dog
000000506862.jpg,vehicle
000000507937.jpg,vehicle
000000508302.jpg,vehicle
000000508938.jpg,vehicle
000000508952.jpg,cat
000000509021.jpg,cat
000000509394.jpg,vehicle
000000509411.jpg,airplane
000000509675.jpg,vehicle
000000510006.jpg,vehicle
000000510012.jpg,vehicle
000000510349.jpg,cat
000000510484.jpg,cat
000000510782.jpg,vehicle
000000510799.jpg,vehicle
000000510942.jpg,airplane
000000511070.jpg,cat
000000511279.jpg,vehicle
000000511469.jpg,airplane
000000511583.jpg,vehicle
000000512146.jpg,airplane
000000512310.jpg,airplane
000000512334.jpg,airplane
000000512421.jpg,airplane
000000512731.jpg,vehicle
000000512796.jpg,vehicle
000000512895.jpg,airplane
000000512924.jpg,vehicle
000000512983.jpg,vehicle
000000513312.jpg,cat
000000513441.jpg,airplane
000000513541.jpg,airplane
000000513966.jpg,vehicle
000000514127.jpg,vehicle
000000514668.jpg,cat
000000514825.jpg,airplane
000000515457.jpg,vehicle
000000515531.jpg,airplane
000000515566.jpg,vehicle
000000516012.jpg,vehicle
000000516167.jpg,vehicle
000000516189.jpg,vehicle
000000516194.jpg,dog
000000516372.jpg,vehicle
000000516633.jpg,vehicle
000000516673.jpg,airplane
000000517086.jpg,vehicle
000000517213.jpg,dog
000000517305.jpg,vehicle
000000517719.jpg,vehicle
000000517973.jpg,vehicle
000000518081.jpg,cat
000000518518.jpg,vehicle
000000518785.jpg,vehicle
000000518898.jpg,airplane
000000519136.jpg,vehicle
000000519361.jpg,vehicle
000000519716.jpg,cat
000000519784.jpg,vehicle
000000520342.jpg,vehicle
000000520503.jpg,vehicle
000000520655.jpg,cat
000000520802.jpg,airplane
000000520933.jpg,dog
000000521133.jpg,dog
000000521348.jpg,dog
000000521721.jpg,vehicle
000000521747.jpg,dog
000000522119.jpg,vehicle
000000522441.jpg,cat
000000522452.jpg,airplane
000000522464.jpg,vehicle
000000522891.jpg,cat
000000523010.jpg,vehicle
000000523154.jpg,airplane
000000523174.jpg,cat
000000523196.jpg,vehicle
000000523224.jpg,vehicle
000000523346.jpg,airplane
000000523360.jpg,vehicle
000000523751.jpg,airplane
000000524011.jpg,airplane
000000524572.jpg,cat
000000524823.jpg,airplane
000000524925.jpg,airplane
000000525035.jpg,airplane
000000525361.jpg,vehicle
000000526671.jpg,dog
000000526711.jpg,airplane
000000526721.jpg,cat
000000527587.jpg,vehicle
000000527783.jpg,airplane
000000527830.jpg,vehicle
000000528069.jpg,airplane
000000528566.jpg,vehicle
000000528796.jpg,vehicle
000000529389.jpg,dog
000000529586.jpg,vehicle
000000529590.jpg,cat
000000529626.jpg,dog
000000529788.jpg,airplane
000000530300.jpg,vehicle
000000530367.jpg,cat
000000530433.jpg,vehicle
000000530640.jpg,airplane
000000530712.jpg,vehicle
000000530758.jpg,vehicle
000000530811.jpg,dog
000000530915.jpg,airplane
000000531286.jpg,vehicle
000000531414.jpg,cat
000000531647.jpg,vehicle
000000531684.jpg,airplane
000000531778.jpg,airplane
000000531796.jpg,vehicle
000000531844.jpg,vehicle
000000531883.jpg,cat
000000532142.jpg,vehicle
000000532333.jpg,airplane
000000532381.jpg,dog
000000532491.jpg,cat
000000532521.jpg,airplane
000000532857.jpg,dog
000000533434.jpg,vehicle
000000533739.jpg,vehicle
000000534058.jpg,airplane
000000534763.jpg,vehicle
000000535322.jpg,airplane
000000536265.jpg,vehicle
000000536534.jpg,vehicle
000000536663.jpg,vehicle
000000537258.jpg,vehicle
000000537372.jpg,cat
000000537444.jpg,cat
000000537689.jpg,vehicle
000000537879.jpg,vehicle
000000538285.jpg,airplane
000000538640.jpg,vehicle
000000538947.jpg,airplane
000000539789.jpg,vehicle
000000539848.jpg,vehicle
000000540547.jpg,vehicle
000000540669.jpg,cat
000000540694.jpg,vehicle
000000540783.jpg,vehicle
000000540848.jpg,vehicle
000000540899.jpg,vehicle
000000541077.jpg,vehicle
000000541132.jpg,vehicle
000000541229.jpg,cat
000000541251.jpg,vehicle
000000541950.jpg,cat
000000542060.jpg,dog
000000542510.jpg,vehicle
000000542855.jpg,airplane
000000542946.jpg,cat
000000543062.jpg,vehicle
000000543332.jpg,vehicle
000000543517.jpg,airplane
000000543560.jpg,airplane
000000543616.jpg,airplane
000000543686.jpg,dog
000000543717.jpg,vehicle
000000544274.jpg,cat
000000544278.jpg,vehicle
000000544590.jpg,cat
000000545163.jpg,vehicle
000000545191.jpg,vehicle
000000545275.jpg,cat
000000545804.jpg,cat
000000545953.jpg,vehicle
000000546622.jpg,cat
000000546716.jpg,vehicle
000000546792.jpg,cat
000000546800.jpg,vehicle
000000546944.jpg,cat
000000546962.jpg,dog
000000547186.jpg,vehicle
000000547363.jpg,airplane
000000547449.jpg,vehicle
000000548184.jpg,vehicle
000000548240.jpg,vehicle
000000548253.jpg,vehicle
000000548273.jpg,airplane
000000548428.jpg,airplane
000000548498.jpg,cat
000000548511.jpg,cat
000000548515.jpg,airplane
000000548912.jpg,dog
000000548933.jpg,airplane
000000549011.jpg,airplane
000000549488.jpg,dog
000000549560.jpg,vehicle
000000549580.jpg,cat
000000549879.jpg,airplane
000000550221.jpg,airplane
000000550767.jpg,cat
000000551018.jpg,vehicle
000000551214.jpg,airplane
000000551952.jpg,vehicle
000000551994.jpg,cat
000000552005.jpg,vehicle
000000552032.jpg,vehicle
000000552302.jpg,airplane
000000553201.jpg,airplane
000000553285.jpg,vehicle
000000553378.jpg,cat
000000553552.jpg,airplane
000000553698.jpg,cat
000000553719.jpg,cat
000000553761.jpg,cat
000000553908.jpg,airplane
000000553909.jpg,dog
000000553969.jpg,airplane
000000554332.jpg,dog
000000554597.jpg,airplane
000000554636.jpg,vehicle
000000554731.jpg,cat
000000554828.jpg,vehicle
000000554891.jpg,vehicle
000000555122.jpg,vehicle
000000555446.jpg,airplane
000000555953.jpg,airplane
000000555974.jpg,cat
000000556012.jpg,vehicle
000000556154.jpg,vehicle
000000556492.jpg,vehicle
000000556554.jpg,cat
000000556666.jpg,vehicle
000000557016.jpg,vehicle
000000557127.jpg,vehicle
000000557434.jpg,vehicle
000000557660.jpg,airplane
000000558317.jpg,cat
000000558350.jpg,cat
000000559047.jpg,cat
000000559055.jpg,vehicle
000000559557.jpg,vehicle
000000559730.jpg,vehicle
000000560046.jpg,vehicle
000000560254.jpg,vehicle
000000560297.jpg,cat
000000560495.jpg,cat
000000560629.jpg,airplane
000000561062.jpg,dog
000000561186.jpg,vehicle
000000561582.jpg,cat
000000561599.jpg,dog
000000561666.jpg,airplane
000000561885.jpg,vehicle
000000562911.jpg,airplane
000000563058.jpg,vehicle
000000563178.jpg,dog
000000563297.jpg,vehicle
000000563403.jpg,cat
000000563593.jpg,vehicle
000000564073.jpg,airplane
000000564187.jpg,vehicle
000000564292.jpg,airplane
000000564371.jpg,cat
000000564655.jpg,cat
000000565098.jpg,airplane
000000565716.jpg,vehicle
000000566029.jpg,vehicle
000000566656.jpg,dog
000000566824.jpg,airplane
000000567053.jpg,airplane
000000567205.jpg,vehicle
000000567603.jpg,dog
000000567935.jpg,vehicle
000000567944.jpg,vehicle
000000568050.jpg,vehicle
000000568311.jpg,vehicle
000000568446.jpg,cat
000000568647.jpg,vehicle
000000569242.jpg,vehicle
000000569538.jpg,dog
000000569750.jpg,airplane
000000570175.jpg,dog
000000570349.jpg,airplane
000000570423.jpg,cat
000000570528.jpg,cat
000000570721.jpg,vehicle
000000570952.jpg,cat
000000570978.jpg,vehicle
000000572075.jpg,dog
000000572152.jpg,airplane
000000572508.jpg,dog
000000572627.jpg,cat
000000572702.jpg,cat
000000572991.jpg,airplane
000000573485.jpg,vehicle
000000573744.jpg,vehicle
000000573981.jpg,vehicle
000000574241.jpg,cat
000000574257.jpg,airplane
000000574834.jpg,cat
000000575260.jpg,vehicle
000000575343.jpg,vehicle
000000575590.jpg,vehicle
000000575957.jpg,cat
000000576239.jpg,vehicle
000000576461.jpg,vehicle
000000576582.jpg,airplane
000000576650.jpg,vehicle
000000576701.jpg,dog
000000576789.jpg,vehicle
000000577035.jpg,vehicle
000000577650.jpg,dog
000000577758.jpg,vehicle
000000577967.jpg,cat
000000578020.jpg,cat
000000578103.jpg,vehicle
000000578232.jpg,airplane
000000578306.jpg,airplane
000000579232.jpg,vehicle
000000579461.jpg,airplane
000000579471.jpg,vehicle
000000579751.jpg,vehicle
000000579859.jpg,vehicle
000000579911.jpg,dog
000000580041.jpg,vehicle
000000580162.jpg,cat
000000580234.jpg,cat
000000580919.jpg,dog
000000580932.jpg,cat
000000581356.jpg,vehicle
000000581582.jpg,vehicle
000000581887.jpg,vehicle
