,Images,Label,Encoded_Labels
1,000000570349.jpg,plane,5
4,000000096211.jpg,plane,5
5,000000384700.jpg,plane,5
6,000000152470.jpg,plane,5
8,000000353400.jpg,plane,5
10,000000224375.jpg,plane,5
11,000000360262.jpg,plane,5
15,000000349433.jpg,plane,5
16,000000164487.jpg,plane,5
17,000000287049.jpg,plane,5
19,000000526711.jpg,plane,5
25,000000532521.jpg,plane,5
29,000000233369.jpg,plane,5
30,000000405287.jpg,plane,5
31,000000092444.jpg,plane,5
37,000000147418.jpg,plane,5
41,000000499402.jpg,plane,5
42,000000504488.jpg,plane,5
44,000000553201.jpg,plane,5
45,000000208329.jpg,plane,5
46,000000443687.jpg,plane,5
47,000000115536.jpg,plane,5
49,000000534058.jpg,plane,5
51,000000105465.jpg,plane,5
52,000000566824.jpg,plane,5
53,000000141587.jpg,plane,5
54,000000242079.jpg,plane,5
55,000000471439.jpg,plane,5
57,000000268944.jpg,plane,5
58,000000191802.jpg,plane,5
59,000000151709.jpg,plane,5
60,000000179650.jpg,plane,5
61,000000315065.jpg,plane,5
63,000000278489.jpg,plane,5
65,000000303723.jpg,plane,5
66,000000436646.jpg,plane,5
67,000000219754.jpg,plane,5
68,000000112800.jpg,plane,5
69,000000484761.jpg,plane,5
70,000000144064.jpg,plane,5
71,000000081126.jpg,plane,5
72,000000000081.jpg,plane,5
73,000000482734.jpg,plane,5
77,000000096154.jpg,plane,5
80,000000444210.jpg,plane,5
81,000000512146.jpg,plane,5
82,000000381599.jpg,plane,5
83,000000308974.jpg,plane,5
87,000000026436.jpg,plane,5
89,000000137496.jpg,plane,5
90,000000512895.jpg,plane,5
92,000000576582.jpg,plane,5
94,000000557660.jpg,plane,5
95,000000000247.jpg,plane,5
97,000000104345.jpg,plane,5
98,000000292791.jpg,plane,5
99,000000374502.jpg,plane,5
102,000000119822.jpg,plane,5
105,000000057429.jpg,plane,5
106,000000349459.jpg,plane,5
110,000000362419.jpg,plane,5
112,000000269088.jpg,plane,5
113,000000301918.jpg,plane,5
114,000000467746.jpg,plane,5
115,000000532390.jpg,plane,5
116,000000331405.jpg,plane,5
118,000000503779.jpg,plane,5
121,000000001072.jpg,plane,5
122,000000194105.jpg,plane,5
123,000000112410.jpg,plane,5
124,000000200777.jpg,plane,5
125,000000331772.jpg,plane,5
129,000000524563.jpg,plane,5
130,000000077601.jpg,plane,5
132,000000195755.jpg,plane,5
133,000000084567.jpg,plane,5
136,000000477700.jpg,plane,5
137,000000350073.jpg,plane,5
138,000000310989.jpg,plane,5
139,000000294974.jpg,plane,5
140,000000382689.jpg,plane,5
141,000000319260.jpg,plane,5
143,000000355968.jpg,plane,5
144,000000094676.jpg,plane,5
145,000000182257.jpg,plane,5
146,000000221691.jpg,plane,5
147,000000120592.jpg,plane,5
148,000000403940.jpg,plane,5
149,000000194722.jpg,plane,5
150,000000166522.jpg,plane,5
152,000000004259.jpg,plane,5
153,000000003264.jpg,plane,5
154,000000579484.jpg,plane,5
155,000000255213.jpg,plane,5
157,000000081922.jpg,plane,5
158,000000009767.jpg,plane,5
159,000000008453.jpg,plane,5
160,000000309836.jpg,plane,5
161,000000529788.jpg,plane,5
163,000000187108.jpg,plane,5
164,000000445295.jpg,plane,5
167,000000458374.jpg,plane,5
168,000000446931.jpg,plane,5
170,000000231966.jpg,plane,5
172,000000162939.jpg,plane,5
173,000000247130.jpg,plane,5
175,000000351818.jpg,plane,5
176,000000145249.jpg,plane,5
177,000000029197.jpg,plane,5
178,000000519308.jpg,plane,5
179,000000153167.jpg,plane,5
183,000000008311.jpg,plane,5
184,000000436895.jpg,plane,5
185,000000011474.jpg,plane,5
187,000000363205.jpg,plane,5
189,000000467475.jpg,plane,5
191,000000170706.jpg,plane,5
192,000000476993.jpg,plane,5
193,000000347652.jpg,plane,5
195,000000569750.jpg,plane,5
196,000000371588.jpg,plane,5
199,000000492067.jpg,plane,5
202,000000197686.jpg,plane,5
203,000000398435.jpg,plane,5
205,000000314408.jpg,plane,5
207,000000171637.jpg,plane,5
208,000000408206.jpg,plane,5
209,000000183379.jpg,plane,5
210,000000014707.jpg,plane,5
211,000000225787.jpg,plane,5
213,000000551214.jpg,plane,5
217,000000062741.jpg,plane,5
218,000000418325.jpg,plane,5
219,000000408016.jpg,plane,5
220,000000565098.jpg,plane,5
221,000000160974.jpg,plane,5
222,000000464032.jpg,plane,5
223,000000475710.jpg,plane,5
230,000000461123.jpg,plane,5
232,000000204650.jpg,plane,5
233,000000095622.jpg,plane,5
235,000000460125.jpg,plane,5
237,000000493146.jpg,plane,5
241,000000302989.jpg,plane,5
244,000000090387.jpg,plane,5
245,000000549708.jpg,plane,5
246,000000408965.jpg,plane,5
247,000000374818.jpg,plane,5
248,000000091508.jpg,plane,5
251,000000233935.jpg,plane,5
252,000000560629.jpg,plane,5
253,000000484122.jpg,plane,5
254,000000159983.jpg,plane,5
255,000000262187.jpg,plane,5
256,000000385625.jpg,plane,5
257,000000523751.jpg,plane,5
258,000000183646.jpg,plane,5
260,000000013215.jpg,plane,5
261,000000266659.jpg,plane,5
262,000000370363.jpg,plane,5
263,000000160822.jpg,plane,5
265,000000012302.jpg,plane,5
266,000000570001.jpg,plane,5
267,000000574944.jpg,plane,5
268,000000445038.jpg,plane,5
269,000000351352.jpg,plane,5
272,000000424102.jpg,plane,5
274,000000213602.jpg,plane,5
275,000000399784.jpg,plane,5
276,000000060953.jpg,plane,5
277,000000250241.jpg,plane,5
278,000000257833.jpg,plane,5
280,000000182127.jpg,plane,5
281,000000454018.jpg,plane,5
282,000000160626.jpg,plane,5
284,000000271586.jpg,plane,5
287,000000311641.jpg,plane,5
288,000000366812.jpg,plane,5
290,000000527783.jpg,plane,5
292,000000353937.jpg,plane,5
294,000000262492.jpg,plane,5
295,000000244246.jpg,plane,5
296,000000091279.jpg,plane,5
297,000000150007.jpg,plane,5
298,000000422807.jpg,plane,5
300,000000504101.jpg,plane,5
307,000000492492.jpg,plane,5
308,000000225174.jpg,plane,5
311,000000553969.jpg,plane,5
312,000000175418.jpg,plane,5
313,000000154656.jpg,plane,5
315,000000325646.jpg,plane,5
316,000000400617.jpg,plane,5
317,000000465701.jpg,plane,5
320,000000456845.jpg,plane,5
321,000000110203.jpg,plane,5
322,000000483573.jpg,plane,5
323,000000574257.jpg,plane,5
325,000000557578.jpg,plane,5
326,000000506919.jpg,plane,5
327,000000421314.jpg,plane,5
329,000000509411.jpg,plane,5
330,000000141834.jpg,plane,5
331,000000056065.jpg,plane,5
337,000000255096.jpg,plane,5
339,000000013000.jpg,plane,5
340,000000234162.jpg,plane,5
341,000000522452.jpg,plane,5
342,000000020784.jpg,plane,5
343,000000481129.jpg,plane,5
346,000000475798.jpg,plane,5
347,000000206670.jpg,plane,5
349,000000281997.jpg,plane,5
352,000000197226.jpg,plane,5
353,000000543560.jpg,plane,5
354,000000227940.jpg,plane,5
356,000000252736.jpg,plane,5
357,000000409933.jpg,plane,5
358,000000458668.jpg,plane,5
359,000000040204.jpg,plane,5
361,000000177413.jpg,plane,5
362,000000444831.jpg,plane,5
363,000000527637.jpg,plane,5
364,000000553552.jpg,plane,5
365,000000285499.jpg,plane,5
366,000000221322.jpg,plane,5
368,000000505093.jpg,plane,5
369,000000439400.jpg,plane,5
370,000000538947.jpg,plane,5
371,000000236535.jpg,plane,5
372,000000562911.jpg,plane,5
374,000000356549.jpg,plane,5
375,000000377115.jpg,plane,5
377,000000158486.jpg,plane,5
378,000000414161.jpg,plane,5
380,000000311619.jpg,plane,5
381,000000144831.jpg,plane,5
382,000000349475.jpg,plane,5
384,000000302886.jpg,plane,5
385,000000512310.jpg,plane,5
386,000000364145.jpg,plane,5
388,000000528069.jpg,plane,5
390,000000206363.jpg,plane,5
391,000000288347.jpg,plane,5
393,000000420500.jpg,plane,5
395,000000572991.jpg,plane,5
396,000000490146.jpg,plane,5
397,000000165937.jpg,plane,5
398,000000512421.jpg,plane,5
399,000000418106.jpg,plane,5
400,000000280643.jpg,plane,5
402,000000143877.jpg,plane,5
405,000000481940.jpg,plane,5
407,000000362130.jpg,plane,5
408,000000301018.jpg,plane,5
409,000000513441.jpg,plane,5
411,000000377493.jpg,plane,5
412,000000140826.jpg,plane,5
414,000000352612.jpg,plane,5
415,000000309531.jpg,plane,5
416,000000407972.jpg,plane,5
419,000000423209.jpg,plane,5
420,000000352264.jpg,plane,5
423,000000525035.jpg,plane,5
424,000000337013.jpg,plane,5
425,000000087672.jpg,plane,5
427,000000333894.jpg,plane,5
429,000000425433.jpg,plane,5
430,000000555446.jpg,plane,5
431,000000390496.jpg,plane,5
432,000000021926.jpg,plane,5
433,000000421682.jpg,plane,5
434,000000081461.jpg,plane,5
435,000000012183.jpg,plane,5
436,000000393656.jpg,plane,5
437,000000187557.jpg,plane,5
438,000000469130.jpg,plane,5
439,000000030713.jpg,plane,5
442,000000514825.jpg,plane,5
444,000000441695.jpg,plane,5
445,000000254726.jpg,plane,5
449,000000286336.jpg,plane,5
451,000000445408.jpg,plane,5
452,000000004891.jpg,plane,5
454,000000009426.jpg,plane,5
455,000000401783.jpg,plane,5
457,000000480605.jpg,plane,5
459,000000538699.jpg,plane,5
461,000000575497.jpg,plane,5
464,000000156445.jpg,plane,5
467,000000298242.jpg,plane,5
468,000000469798.jpg,plane,5
469,000000062942.jpg,plane,5
471,000000295765.jpg,plane,5
473,000000107630.jpg,plane,5
474,000000333371.jpg,plane,5
475,000000254729.jpg,plane,5
476,000000302481.jpg,plane,5
477,000000169321.jpg,plane,5
478,000000359860.jpg,plane,5
480,000000460373.jpg,plane,5
481,000000229605.jpg,plane,5
482,000000304876.jpg,plane,5
483,000000042968.jpg,plane,5
484,000000247394.jpg,plane,5
486,000000367434.jpg,plane,5
487,000000286247.jpg,plane,5
489,000000360643.jpg,plane,5
490,000000198524.jpg,plane,5
492,000000296265.jpg,plane,5
494,000000393159.jpg,plane,5
495,000000564061.jpg,plane,5
498,000000277203.jpg,plane,5
499,000000354205.jpg,plane,5
501,000000016784.jpg,plane,5
507,000000164010.jpg,plane,5
509,000000178870.jpg,plane,5
510,000000187844.jpg,plane,5
511,000000416119.jpg,plane,5
513,000000214055.jpg,plane,5
515,000000464181.jpg,plane,5
519,000000499512.jpg,plane,5
521,000000072600.jpg,plane,5
522,000000032678.jpg,plane,5
523,000000327539.jpg,plane,5
524,000000542855.jpg,plane,5
525,000000523154.jpg,plane,5
527,000000219442.jpg,plane,5
533,000000270906.jpg,plane,5
535,000000098179.jpg,plane,5
537,000000578232.jpg,plane,5
538,000000419682.jpg,plane,5
539,000000010627.jpg,plane,5
541,000000078750.jpg,plane,5
542,000000288002.jpg,plane,5
544,000000116941.jpg,plane,5
545,000000251283.jpg,plane,5
552,000000497875.jpg,plane,5
554,000000423749.jpg,plane,5
555,000000144259.jpg,plane,5
556,000000425303.jpg,plane,5
558,000000177755.jpg,plane,5
559,000000226151.jpg,plane,5
560,000000233882.jpg,plane,5
562,000000131784.jpg,plane,5
566,000000304866.jpg,plane,5
568,000000151081.jpg,plane,5
570,000000423231.jpg,plane,5
571,000000448690.jpg,plane,5
572,000000112956.jpg,plane,5
575,000000331955.jpg,plane,5
576,000000389672.jpg,plane,5
578,000000066255.jpg,plane,5
579,000000492711.jpg,plane,5
580,000000001311.jpg,plane,5
582,000000355057.jpg,plane,5
583,000000149862.jpg,plane,5
584,000000345329.jpg,plane,5
587,000000475693.jpg,plane,5
588,000000303101.jpg,plane,5
589,000000136218.jpg,plane,5
590,000000465554.jpg,plane,5
591,000000277403.jpg,plane,5
592,000000245202.jpg,plane,5
593,000000368014.jpg,plane,5
594,000000567053.jpg,plane,5
595,000000453547.jpg,plane,5
596,000000119232.jpg,plane,5
597,000000368541.jpg,plane,5
598,000000074434.jpg,plane,5
599,000000187680.jpg,plane,5
602,000000512334.jpg,plane,5
605,000000293862.jpg,plane,5
606,000000550221.jpg,plane,5
608,000000292973.jpg,plane,5
609,000000318220.jpg,plane,5
611,000000548933.jpg,plane,5
612,000000433084.jpg,plane,5
613,000000001611.jpg,plane,5
614,000000175347.jpg,plane,5
615,000000091236.jpg,plane,5
616,000000190199.jpg,plane,5
617,000000140565.jpg,plane,5
618,000000142712.jpg,plane,5
619,000000113801.jpg,plane,5
622,000000517128.jpg,plane,5
623,000000209893.jpg,plane,5
628,000000520802.jpg,plane,5
631,000000172599.jpg,plane,5
632,000000048947.jpg,plane,5
633,000000370550.jpg,plane,5
634,000000008005.jpg,plane,5
635,000000548273.jpg,plane,5
636,000000461750.jpg,plane,5
638,000000323868.jpg,plane,5
639,000000145978.jpg,plane,5
642,000000581797.jpg,plane,5
643,000000378268.jpg,plane,5
646,000000147698.jpg,plane,5
648,000000510942.jpg,plane,5
649,000000379605.jpg,plane,5
650,000000145748.jpg,plane,5
653,000000483475.jpg,plane,5
654,000000503782.jpg,plane,5
657,000000531778.jpg,plane,5
659,000000056963.jpg,plane,5
660,000000078537.jpg,plane,5
661,000000111969.jpg,plane,5
662,000000024790.jpg,plane,5
663,000000482777.jpg,plane,5
664,000000286101.jpg,plane,5
665,000000379612.jpg,plane,5
666,000000061819.jpg,plane,5
667,000000553908.jpg,plane,5
669,000000518898.jpg,plane,5
670,000000387248.jpg,plane,5
672,000000487770.jpg,plane,5
673,000000097503.jpg,plane,5
674,000000024020.jpg,plane,5
675,000000381274.jpg,plane,5
676,000000477029.jpg,plane,5
678,000000104125.jpg,plane,5
681,000000227677.jpg,plane,5
682,000000113261.jpg,plane,5
684,000000275939.jpg,plane,5
685,000000162223.jpg,plane,5
686,000000246951.jpg,plane,5
687,000000032093.jpg,plane,5
688,000000538285.jpg,plane,5
689,000000143085.jpg,plane,5
690,000000524011.jpg,plane,5
691,000000010581.jpg,plane,5
692,000000083235.jpg,plane,5
693,000000154399.jpg,plane,5
694,000000237843.jpg,plane,5
696,000000083090.jpg,plane,5
697,000000097754.jpg,plane,5
699,000000237427.jpg,plane,5
700,000000387296.jpg,plane,5
701,000000564292.jpg,plane,5
704,000000268643.jpg,plane,5
705,000000025566.jpg,plane,5
706,000000272310.jpg,plane,5
708,000000253557.jpg,plane,5
709,000000271266.jpg,plane,5
710,000000487635.jpg,plane,5
711,000000259553.jpg,plane,5
712,000000271401.jpg,plane,5
714,000000277653.jpg,plane,5
721,000000059968.jpg,plane,5
722,000000200391.jpg,plane,5
723,000000351930.jpg,plane,5
724,000000316649.jpg,plane,5
728,000000238117.jpg,plane,5
729,000000133227.jpg,plane,5
731,000000487144.jpg,plane,5
732,000000210124.jpg,plane,5
733,000000046608.jpg,plane,5
735,000000007143.jpg,plane,5
737,000000157021.jpg,plane,5
738,000000251454.jpg,plane,5
739,000000547938.jpg,plane,5
741,000000145551.jpg,plane,5
742,000000357829.jpg,plane,5
743,000000099856.jpg,plane,5
744,000000183811.jpg,plane,5
745,000000272736.jpg,plane,5
748,000000376128.jpg,plane,5
752,000000285114.jpg,plane,5
754,000000196675.jpg,plane,5
755,000000549011.jpg,plane,5
756,000000532333.jpg,plane,5
758,000000205464.jpg,plane,5
760,000000311067.jpg,plane,5
761,000000177023.jpg,plane,5
763,000000513210.jpg,plane,5
764,000000111830.jpg,plane,5
767,000000073892.jpg,plane,5
768,000000036783.jpg,plane,5
769,000000122908.jpg,plane,5
770,000000249482.jpg,plane,5
771,000000294030.jpg,plane,5
773,000000010342.jpg,plane,5
774,000000361370.jpg,plane,5
775,000000138755.jpg,plane,5
776,000000202573.jpg,plane,5
779,000000543517.jpg,plane,5
780,000000188077.jpg,plane,5
783,000000125494.jpg,plane,5
786,000000450774.jpg,plane,5
787,000000435803.jpg,plane,5
789,000000481462.jpg,plane,5
790,000000117765.jpg,plane,5
791,000000375455.jpg,plane,5
792,000000474410.jpg,plane,5
793,000000211969.jpg,plane,5
794,000000265106.jpg,plane,5
795,000000371438.jpg,plane,5
796,000000073450.jpg,plane,5
797,000000435777.jpg,plane,5
799,000000443737.jpg,plane,5
800,000000264828.jpg,plane,5
802,000000121690.jpg,plane,5
803,000000525344.jpg,plane,5
805,000000127424.jpg,plane,5
806,000000232223.jpg,plane,5
809,000000515043.jpg,plane,5
810,000000062941.jpg,plane,5
811,000000566762.jpg,plane,5
813,000000476517.jpg,plane,5
815,000000095990.jpg,plane,5
816,000000238290.jpg,plane,5
818,000000446661.jpg,plane,5
821,000000176732.jpg,plane,5
822,000000329097.jpg,plane,5
823,000000220255.jpg,plane,5
824,000000036492.jpg,plane,5
827,000000504769.jpg,plane,5
828,000000340398.jpg,plane,5
830,000000152722.jpg,plane,5
832,000000549879.jpg,plane,5
836,000000221184.jpg,plane,5
837,000000417679.jpg,plane,5
839,000000068231.jpg,plane,5
840,000000082281.jpg,plane,5
841,000000151347.jpg,plane,5
843,000000219606.jpg,plane,5
845,000000488787.jpg,plane,5
847,000000524925.jpg,plane,5
849,000000037478.jpg,plane,5
850,000000572152.jpg,plane,5
852,000000513541.jpg,plane,5
853,000000405441.jpg,plane,5
858,000000371973.jpg,plane,5
859,000000343905.jpg,plane,5
860,000000379749.jpg,plane,5
861,000000492541.jpg,plane,5
863,000000177786.jpg,plane,5
865,000000268921.jpg,plane,5
866,000000316474.jpg,plane,5
867,000000011525.jpg,plane,5
869,000000481293.jpg,plane,5
870,000000242376.jpg,plane,5
871,000000097790.jpg,plane,5
873,000000016241.jpg,plane,5
875,000000096076.jpg,plane,5
876,000000374383.jpg,plane,5
877,000000288794.jpg,plane,5
878,000000277926.jpg,plane,5
879,000000126979.jpg,plane,5
881,000000158307.jpg,plane,5
882,000000224247.jpg,plane,5
884,000000095561.jpg,plane,5
885,000000354604.jpg,plane,5
886,000000517070.jpg,plane,5
888,000000531684.jpg,plane,5
892,000000075927.jpg,plane,5
893,000000348451.jpg,plane,5
894,000000041772.jpg,plane,5
895,000000483146.jpg,plane,5
896,000000126282.jpg,plane,5
897,000000099066.jpg,plane,5
898,000000548515.jpg,plane,5
903,000000232277.jpg,plane,5
904,000000428460.jpg,plane,5
905,000000418885.jpg,plane,5
906,000000115638.jpg,plane,5
907,000000396770.jpg,plane,5
908,000000216391.jpg,plane,5
910,000000578306.jpg,plane,5
911,000000291780.jpg,plane,5
912,000000547363.jpg,plane,5
913,000000330919.jpg,plane,5
915,000000468679.jpg,plane,5
916,000000075309.jpg,plane,5
919,000000279605.jpg,plane,5
920,000000452774.jpg,plane,5
921,000000368479.jpg,plane,5
923,000000170451.jpg,plane,5
924,000000123835.jpg,plane,5
925,000000367462.jpg,plane,5
926,000000535322.jpg,plane,5
928,000000169936.jpg,plane,5
929,000000564073.jpg,plane,5
930,000000441752.jpg,plane,5
933,000000346482.jpg,plane,5
934,000000490225.jpg,plane,5
935,000000561666.jpg,plane,5
937,000000333365.jpg,plane,5
938,000000251256.jpg,plane,5
939,000000290578.jpg,plane,5
940,000000018601.jpg,plane,5
942,000000156895.jpg,plane,5
943,000000448698.jpg,plane,5
944,000000415042.jpg,plane,5
946,000000543616.jpg,plane,5
949,000000327186.jpg,plane,5
950,000000067608.jpg,plane,5
951,000000053111.jpg,plane,5
952,000000028503.jpg,plane,5
953,000000153507.jpg,plane,5
955,000000387161.jpg,plane,5
956,000000168200.jpg,plane,5
958,000000497504.jpg,plane,5
960,000000030080.jpg,plane,5
961,000000348715.jpg,plane,5
963,000000281103.jpg,plane,5
965,000000017975.jpg,plane,5
966,000000071629.jpg,plane,5
968,000000490294.jpg,plane,5
970,000000534713.jpg,plane,5
972,000000382607.jpg,plane,5
973,000000457288.jpg,plane,5
974,000000106586.jpg,plane,5
975,000000418982.jpg,plane,5
976,000000482954.jpg,plane,5
978,000000233627.jpg,plane,5
980,000000439657.jpg,plane,5
982,000000168558.jpg,plane,5
984,000000061207.jpg,plane,5
985,000000336107.jpg,plane,5
986,000000022797.jpg,plane,5
987,000000041808.jpg,plane,5
989,000000426400.jpg,plane,5
990,000000360701.jpg,plane,5
991,000000530640.jpg,plane,5
992,000000574579.jpg,plane,5
993,000000556473.jpg,plane,5
994,000000242298.jpg,plane,5
996,000000336690.jpg,plane,5
997,000000134334.jpg,plane,5
998,000000448288.jpg,plane,5
999,000000129032.jpg,plane,5
1000,000000395850.jpg,plane,5
1001,000000164944.jpg,plane,5
1002,000000438909.jpg,plane,5
1004,000000302281.jpg,plane,5
1006,000000516673.jpg,plane,5
1007,000000244487.jpg,plane,5
1009,000000356362.jpg,plane,5
1011,000000305569.jpg,plane,5
1012,000000119006.jpg,plane,5
1014,000000156204.jpg,plane,5
1015,000000254710.jpg,plane,5
1016,000000051495.jpg,plane,5
1018,000000066858.jpg,plane,5
1021,000000449304.jpg,plane,5
1022,000000373846.jpg,plane,5
1023,000000242153.jpg,plane,5
1024,000000246012.jpg,plane,5
1025,000000555953.jpg,plane,5
1028,000000154068.jpg,plane,5
1029,000000391839.jpg,plane,5
1031,000000427311.jpg,plane,5
1033,000000019385.jpg,plane,5
1034,000000102073.jpg,plane,5
1035,000000403286.jpg,plane,5
1038,000000485268.jpg,plane,5
1039,000000173596.jpg,plane,5
1041,000000253223.jpg,plane,5
1043,000000106658.jpg,plane,5
1044,000000095726.jpg,plane,5
1047,000000579461.jpg,plane,5
1048,000000174712.jpg,plane,5
1049,000000511469.jpg,plane,5
1050,000000477272.jpg,plane,5
1053,000000464909.jpg,plane,5
1055,000000402412.jpg,plane,5
1056,000000427803.jpg,plane,5
1059,000000511774.jpg,plane,5
1060,000000498903.jpg,plane,5
1061,000000515531.jpg,plane,5
1064,000000185888.jpg,plane,5
1065,000000078825.jpg,plane,5
1067,000000548428.jpg,plane,5
1068,000000398649.jpg,plane,5
1069,000000305954.jpg,plane,5
1071,000000161973.jpg,plane,5
1074,000000104380.jpg,plane,5
1078,000000350987.jpg,plane,5
1079,000000170605.jpg,plane,5
1081,000000426680.jpg,plane,5
1083,000000164222.jpg,plane,5
1085,000000302241.jpg,plane,5
1086,000000323950.jpg,plane,5
1087,000000397353.jpg,plane,5
1088,000000210024.jpg,plane,5
1089,000000040485.jpg,plane,5
1090,000000383464.jpg,plane,5
1091,000000224445.jpg,plane,5
1092,000000099598.jpg,plane,5
1093,000000001029.jpg,plane,5
1098,000000066014.jpg,plane,5
1099,000000107838.jpg,plane,5
1100,000000416869.jpg,plane,5
1103,000000449369.jpg,plane,5
1104,000000495018.jpg,plane,5
1105,000000371091.jpg,plane,5
1106,000000078169.jpg,plane,5
1110,000000239870.jpg,plane,5
1111,000000367111.jpg,plane,5
1112,000000292112.jpg,plane,5
1113,000000043678.jpg,plane,5
1115,000000465744.jpg,plane,5
1116,000000325786.jpg,plane,5
1117,000000550144.jpg,plane,5
1118,000000266070.jpg,plane,5
1119,000000498601.jpg,plane,5
1120,000000279543.jpg,plane,5
1121,000000258094.jpg,plane,5
1122,000000403820.jpg,plane,5
1124,000000265584.jpg,plane,5
1125,000000524823.jpg,plane,5
1126,000000194862.jpg,plane,5
1127,000000082275.jpg,plane,5
1130,000000409653.jpg,plane,5
1131,000000064510.jpg,plane,5
1132,000000075466.jpg,plane,5
1138,000000191785.jpg,plane,5
1140,000000128012.jpg,plane,5
1143,000000280024.jpg,plane,5
1146,000000083990.jpg,plane,5
1147,000000272173.jpg,plane,5
1148,000000105552.jpg,plane,5
1149,000000396490.jpg,plane,5
1152,000000150181.jpg,plane,5
1153,000000402798.jpg,plane,5
1154,000000554597.jpg,plane,5
1155,000000041276.jpg,plane,5
1156,000000125394.jpg,plane,5
1157,000000042085.jpg,plane,5
1159,000000388025.jpg,plane,5
1160,000000358200.jpg,plane,5
1163,000000132847.jpg,plane,5
1164,000000228002.jpg,plane,5
1165,000000243895.jpg,plane,5
1166,000000314425.jpg,plane,5
1168,000000253285.jpg,plane,5
1176,000000530915.jpg,plane,5
1177,000000321577.jpg,plane,5
1178,000000064317.jpg,plane,5
1179,000000297154.jpg,plane,5
1183,000000192669.jpg,plane,5
1184,000000095358.jpg,plane,5
1186,000000492298.jpg,plane,5
1187,000000523346.jpg,plane,5
1188,000000333363.jpg,plane,5
1190,000000401291.jpg,plane,5
1192,000000239171.jpg,plane,5
1193,000000324778.jpg,plane,5
1194,000000274631.jpg,plane,5
1195,000000552302.jpg,plane,5
1196,000000415028.jpg,plane,5
1197,000000416271.jpg,plane,5
1198,000000000913.jpg,plane,5
1,000000191738.jpg,cat,17
2,000000146411.jpg,cat,17
3,000000224861.jpg,cat,17
4,000000458052.jpg,cat,17
5,000000309852.jpg,cat,17
6,000000386500.jpg,dog,18
8,000000082680.jpg,dog,18
9,000000446409.jpg,cat,17
10,000000188546.jpg,dog,18
11,000000438059.jpg,cat,17
12,000000481313.jpg,cat,17
13,000000346112.jpg,cat,17
14,000000012443.jpg,cat,17
15,000000579911.jpg,dog,18
16,000000082826.jpg,dog,18
17,000000351287.jpg,dog,18
18,000000033900.jpg,dog,18
19,000000370765.jpg,dog,18
20,000000479440.jpg,cat,17
21,000000532381.jpg,dog,18
22,000000015978.jpg,cat,17
23,000000546622.jpg,cat,17
24,000000000599.jpg,cat,17
25,000000057814.jpg,dog,18
26,000000504341.jpg,dog,18
28,000000281296.jpg,cat,17
29,000000572702.jpg,cat,17
30,000000513312.jpg,cat,17
31,000000058001.jpg,dog,18
32,000000432906.jpg,cat,17
33,000000321861.jpg,cat,17
34,000000011696.jpg,dog,18
37,000000168031.jpg,cat,17
38,000000153966.jpg,cat,17
39,000000480720.jpg,cat,17
40,000000490702.jpg,cat,17
41,000000570952.jpg,cat,17
42,000000477791.jpg,cat,17
43,000000448024.jpg,cat,17
44,000000397045.jpg,cat,17
45,000000115070.jpg,cat,17
47,000000137413.jpg,cat,17
48,000000495996.jpg,cat,17
49,000000519716.jpg,cat,17
50,000000317480.jpg,cat,17
51,000000070353.jpg,cat,17
52,000000372874.jpg,dog,18
53,000000226220.jpg,cat,17
54,000000239458.jpg,cat,17
55,000000034773.jpg,dog,18
56,000000559047.jpg,cat,17
57,000000090367.jpg,dog,18
58,000000362289.jpg,cat,17
59,000000385204.jpg,cat,17
60,000000553761.jpg,cat,17
61,000000446626.jpg,cat,17
63,000000135158.jpg,cat,17
64,000000421457.jpg,cat,17
65,000000343401.jpg,dog,18
66,000000474667.jpg,cat,17
67,000000171809.jpg,cat,17
68,000000155997.jpg,dog,18
69,000000553698.jpg,cat,17
70,000000174871.jpg,dog,18
71,000000508952.jpg,cat,17
73,000000469046.jpg,cat,17
74,000000055466.jpg,cat,17
75,000000186412.jpg,dog,18
76,000000364010.jpg,dog,18
77,000000352196.jpg,cat,17
79,000000315073.jpg,cat,17
81,000000566656.jpg,dog,18
83,000000426714.jpg,cat,17
84,000000306395.jpg,dog,18
86,000000396432.jpg,dog,18
87,000000574834.jpg,cat,17
88,000000147425.jpg,cat,17
89,000000031893.jpg,cat,17
90,000000485613.jpg,cat,17
91,000000380525.jpg,cat,17
92,000000488563.jpg,cat,17
93,000000426842.jpg,dog,18
95,000000188824.jpg,cat,17
96,000000086168.jpg,cat,17
97,000000189504.jpg,dog,18
98,000000017923.jpg,dog,18
99,000000438915.jpg,dog,18
100,000000370210.jpg,dog,18
101,000000570528.jpg,cat,17
104,000000274292.jpg,cat,17
105,000000222146.jpg,cat,17
106,000000548498.jpg,cat,17
107,000000126324.jpg,cat,17
108,000000521133.jpg,dog,18
110,000000449327.jpg,dog,18
111,000000373396.jpg,dog,18
112,000000119581.jpg,dog,18
113,000000346071.jpg,dog,18
114,000000046905.jpg,cat,17
117,000000531414.jpg,cat,17
118,000000168847.jpg,cat,17
119,000000318571.jpg,cat,17
120,000000082835.jpg,dog,18
121,000000560373.jpg,dog,18
122,000000230151.jpg,cat,17
123,000000228764.jpg,cat,17
124,000000516194.jpg,dog,18
125,000000018893.jpg,cat,17
126,000000045882.jpg,cat,17
127,000000199940.jpg,cat,17
128,000000173832.jpg,cat,17
130,000000233660.jpg,dog,18
131,000000067164.jpg,cat,17
132,000000084312.jpg,cat,17
133,000000215424.jpg,cat,17
134,000000137961.jpg,cat,17
136,000000390322.jpg,cat,17
137,000000123867.jpg,dog,18
138,000000546962.jpg,dog,18
139,000000514668.jpg,cat,17
140,000000406491.jpg,cat,17
142,000000358976.jpg,cat,17
143,000000398489.jpg,cat,17
144,000000067995.jpg,cat,17
145,000000054340.jpg,cat,17
146,000000231846.jpg,cat,17
147,000000540669.jpg,cat,17
148,000000526721.jpg,cat,17
149,000000127477.jpg,cat,17
151,000000044022.jpg,cat,17
152,000000087595.jpg,cat,17
153,000000281591.jpg,dog,18
154,000000421902.jpg,dog,18
155,000000563403.jpg,cat,17
156,000000357542.jpg,dog,18
157,000000093034.jpg,dog,18
159,000000414102.jpg,cat,17
160,000000499937.jpg,cat,17
161,000000158109.jpg,cat,17
162,000000210276.jpg,cat,17
163,000000449560.jpg,dog,18
164,000000521348.jpg,dog,18
165,000000284772.jpg,dog,18
166,000000452300.jpg,dog,18
167,000000178818.jpg,dog,18
170,000000143876.jpg,cat,17
171,000000437126.jpg,cat,17
172,000000203463.jpg,cat,17
173,000000530367.jpg,cat,17
175,000000038438.jpg,cat,17
176,000000094566.jpg,cat,17
177,000000418563.jpg,cat,17
179,000000478977.jpg,dog,18
180,000000168146.jpg,cat,17
181,000000184771.jpg,dog,18
182,000000163666.jpg,cat,17
183,000000416345.jpg,cat,17
184,000000489743.jpg,cat,17
185,000000035672.jpg,dog,18
187,000000220118.jpg,dog,18
188,000000422655.jpg,cat,17
189,000000529590.jpg,cat,17
190,000000386291.jpg,cat,17
192,000000343552.jpg,cat,17
193,000000449379.jpg,cat,17
195,000000146767.jpg,cat,17
196,000000413650.jpg,cat,17
197,000000309160.jpg,cat,17
198,000000410168.jpg,dog,18
199,000000523174.jpg,cat,17
200,000000237764.jpg,cat,17
201,000000380117.jpg,cat,17
202,000000076619.jpg,cat,17
203,000000165035.jpg,dog,18
205,000000459598.jpg,cat,17
206,000000581157.jpg,cat,17
207,000000320600.jpg,cat,17
208,000000317173.jpg,cat,17
210,000000181739.jpg,cat,17
211,000000455750.jpg,dog,18
212,000000504902.jpg,dog,18
213,000000271907.jpg,cat,17
214,000000159170.jpg,cat,17
215,000000544590.jpg,cat,17
216,000000463669.jpg,cat,17
217,000000264787.jpg,cat,17
218,000000180738.jpg,cat,17
219,000000561062.jpg,dog,18
223,000000282591.jpg,cat,17
224,000000092801.jpg,cat,17
225,000000089555.jpg,cat,17
226,000000120129.jpg,cat,17
227,000000245997.jpg,cat,17
228,000000560297.jpg,cat,17
231,000000245006.jpg,cat,17
232,000000490725.jpg,cat,17
233,000000033008.jpg,cat,17
234,000000359574.jpg,cat,17
235,000000056898.jpg,cat,17
236,000000405174.jpg,cat,17
237,000000159944.jpg,cat,17
238,000000402742.jpg,dog,18
239,000000557451.jpg,cat,17
240,000000112770.jpg,cat,17
241,000000339852.jpg,dog,18
242,000000231022.jpg,cat,17
243,000000235274.jpg,cat,17
244,000000015070.jpg,cat,17
245,000000156102.jpg,dog,18
246,000000449150.jpg,cat,17
247,000000366484.jpg,dog,18
248,000000356323.jpg,dog,18
249,000000188667.jpg,cat,17
250,000000408736.jpg,cat,17
251,000000156620.jpg,dog,18
252,000000045176.jpg,dog,18
253,000000310757.jpg,dog,18
254,000000125107.jpg,dog,18
255,000000283940.jpg,dog,18
256,000000401758.jpg,dog,18
257,000000362327.jpg,cat,17
258,000000461410.jpg,cat,17
259,000000457768.jpg,cat,17
260,000000337180.jpg,cat,17
261,000000034321.jpg,dog,18
262,000000051403.jpg,dog,18
263,000000553795.jpg,dog,18
264,000000024247.jpg,dog,18
266,000000038769.jpg,cat,17
267,000000262014.jpg,cat,17
269,000000453731.jpg,dog,18
270,000000337275.jpg,cat,17
271,000000381323.jpg,cat,17
275,000000089430.jpg,cat,17
276,000000306949.jpg,cat,17
277,000000312550.jpg,cat,17
278,000000128679.jpg,cat,17
279,000000388399.jpg,cat,17
280,000000441411.jpg,cat,17
281,000000252745.jpg,dog,18
284,000000149646.jpg,cat,17
285,000000460505.jpg,cat,17
287,000000263612.jpg,dog,18
288,000000396217.jpg,dog,18
289,000000031345.jpg,cat,17
290,000000569773.jpg,cat,17
291,000000363853.jpg,cat,17
292,000000393857.jpg,dog,18
293,000000115912.jpg,dog,18
294,000000108668.jpg,dog,18
295,000000451449.jpg,dog,18
297,000000285968.jpg,cat,17
298,000000306855.jpg,cat,17
299,000000020207.jpg,cat,17
300,000000277235.jpg,cat,17
301,000000475634.jpg,cat,17
302,000000078188.jpg,cat,17
303,000000026768.jpg,cat,17
304,000000173907.jpg,cat,17
305,000000255244.jpg,cat,17
306,000000399349.jpg,dog,18
307,000000574241.jpg,cat,17
309,000000306173.jpg,cat,17
310,000000463865.jpg,cat,17
312,000000566743.jpg,cat,17
313,000000569538.jpg,dog,18
314,000000467809.jpg,dog,18
315,000000088789.jpg,dog,18
316,000000330028.jpg,dog,18
317,000000503050.jpg,dog,18
319,000000106525.jpg,dog,18
320,000000369521.jpg,dog,18
321,000000491525.jpg,dog,18
322,000000537372.jpg,cat,17
323,000000061403.jpg,cat,17
324,000000411334.jpg,cat,17
325,000000068717.jpg,cat,17
326,000000490897.jpg,dog,18
328,000000379165.jpg,cat,17
329,000000438753.jpg,cat,17
330,000000122196.jpg,cat,17
331,000000460872.jpg,dog,18
332,000000178157.jpg,dog,18
333,000000367491.jpg,cat,17
334,000000152812.jpg,cat,17
335,000000443509.jpg,cat,17
337,000000253789.jpg,cat,17
338,000000387000.jpg,cat,17
339,000000374832.jpg,dog,18
340,000000155707.jpg,cat,17
341,000000530811.jpg,dog,18
342,000000279322.jpg,cat,17
343,000000293532.jpg,dog,18
344,000000309968.jpg,dog,18
345,000000132841.jpg,dog,18
346,000000442457.jpg,cat,17
347,000000057839.jpg,cat,17
348,000000374375.jpg,dog,18
350,000000420210.jpg,cat,17
351,000000408607.jpg,cat,17
352,000000332439.jpg,cat,17
353,000000293276.jpg,cat,17
354,000000161543.jpg,cat,17
355,000000468132.jpg,cat,17
356,000000144695.jpg,cat,17
357,000000329602.jpg,cat,17
358,000000329012.jpg,dog,18
359,000000523473.jpg,dog,18
360,000000465495.jpg,cat,17
361,000000247068.jpg,dog,18
362,000000518081.jpg,cat,17
363,000000106269.jpg,cat,17
365,000000388841.jpg,cat,17
366,000000412363.jpg,dog,18
367,000000293723.jpg,cat,17
369,000000307061.jpg,dog,18
370,000000480167.jpg,dog,18
373,000000416368.jpg,cat,17
374,000000218114.jpg,cat,17
375,000000441470.jpg,dog,18
376,000000517213.jpg,dog,18
377,000000287210.jpg,dog,18
378,000000429236.jpg,dog,18
379,000000372029.jpg,dog,18
380,000000353504.jpg,dog,18
381,000000148828.jpg,dog,18
382,000000225713.jpg,cat,17
383,000000292993.jpg,cat,17
385,000000152742.jpg,cat,17
386,000000022962.jpg,cat,17
387,000000340343.jpg,dog,18
388,000000422272.jpg,cat,17
389,000000268781.jpg,cat,17
390,000000383662.jpg,dog,18
391,000000263493.jpg,cat,17
392,000000549580.jpg,cat,17
393,000000437517.jpg,cat,17
394,000000255706.jpg,dog,18
395,000000518613.jpg,dog,18
396,000000268937.jpg,dog,18
397,000000303651.jpg,dog,18
398,000000488655.jpg,dog,18
399,000000553378.jpg,cat,17
400,000000527979.jpg,cat,17
401,000000194605.jpg,dog,18
402,000000376029.jpg,dog,18
404,000000572627.jpg,cat,17
406,000000000825.jpg,cat,17
407,000000117284.jpg,cat,17
408,000000473634.jpg,cat,17
411,000000077870.jpg,cat,17
412,000000442252.jpg,cat,17
413,000000170584.jpg,cat,17
414,000000032586.jpg,cat,17
415,000000299103.jpg,cat,17
416,000000123765.jpg,cat,17
417,000000101461.jpg,dog,18
418,000000348046.jpg,cat,17
419,000000183051.jpg,cat,17
421,000000189836.jpg,dog,18
422,000000319601.jpg,cat,17
423,000000558317.jpg,cat,17
424,000000438912.jpg,cat,17
425,000000299647.jpg,cat,17
426,000000462767.jpg,cat,17
427,000000271002.jpg,cat,17
428,000000305278.jpg,dog,18
429,000000344597.jpg,dog,18
430,000000375296.jpg,dog,18
431,000000522660.jpg,dog,18
432,000000330164.jpg,dog,18
433,000000340270.jpg,dog,18
434,000000155749.jpg,cat,17
435,000000545804.jpg,cat,17
436,000000349573.jpg,cat,17
437,000000269054.jpg,dog,18
438,000000424820.jpg,dog,18
440,000000142779.jpg,dog,18
441,000000333443.jpg,cat,17
442,000000309526.jpg,dog,18
443,000000018394.jpg,cat,17
445,000000036559.jpg,cat,17
446,000000172020.jpg,cat,17
447,000000520091.jpg,cat,17
448,000000044474.jpg,cat,17
449,000000298479.jpg,cat,17
450,000000380252.jpg,dog,18
451,000000346158.jpg,dog,18
452,000000395800.jpg,cat,17
453,000000040931.jpg,cat,17
455,000000165470.jpg,cat,17
456,000000103940.jpg,cat,17
457,000000296188.jpg,cat,17
458,000000104482.jpg,cat,17
459,000000405058.jpg,cat,17
460,000000492698.jpg,dog,18
461,000000051908.jpg,dog,18
462,000000545275.jpg,cat,17
463,000000570423.jpg,cat,17
464,000000152299.jpg,dog,18
465,000000151975.jpg,cat,17
467,000000077769.jpg,dog,18
468,000000074913.jpg,dog,18
469,000000544274.jpg,cat,17
470,000000489514.jpg,dog,18
471,000000339244.jpg,dog,18
472,000000564371.jpg,cat,17
473,000000354544.jpg,cat,17
474,000000014766.jpg,cat,17
476,000000318328.jpg,cat,17
478,000000359908.jpg,cat,17
479,000000004622.jpg,cat,17
480,000000052760.jpg,cat,17
481,000000242696.jpg,cat,17
482,000000043291.jpg,cat,17
483,000000178485.jpg,cat,17
484,000000055607.jpg,cat,17
485,000000565799.jpg,cat,17
486,000000180168.jpg,cat,17
487,000000382710.jpg,cat,17
488,000000023100.jpg,cat,17
489,000000560495.jpg,cat,17
490,000000385921.jpg,dog,18
491,000000428746.jpg,dog,18
492,000000548511.jpg,cat,17
494,000000542060.jpg,dog,18
495,000000551994.jpg,cat,17
497,000000505160.jpg,cat,17
498,000000476736.jpg,dog,18
499,000000171026.jpg,dog,18
500,000000332722.jpg,dog,18
501,000000224367.jpg,dog,18
503,000000394713.jpg,dog,18
504,000000070754.jpg,cat,17
505,000000265957.jpg,cat,17
507,000000577967.jpg,cat,17
508,000000354493.jpg,cat,17
509,000000024664.jpg,dog,18
510,000000036439.jpg,dog,18
511,000000255179.jpg,cat,17
512,000000329641.jpg,cat,17
513,000000143612.jpg,cat,17
514,000000019675.jpg,cat,17
515,000000198561.jpg,cat,17
516,000000429334.jpg,cat,17
517,000000088671.jpg,dog,18
518,000000349809.jpg,cat,17
519,000000432673.jpg,cat,17
520,000000433786.jpg,cat,17
521,000000298299.jpg,cat,17
522,000000186635.jpg,cat,17
523,000000521747.jpg,dog,18
524,000000496730.jpg,dog,18
525,000000352831.jpg,dog,18
526,000000235740.jpg,dog,18
527,000000451381.jpg,cat,17
528,000000553719.jpg,cat,17
529,000000199570.jpg,cat,17
530,000000445774.jpg,dog,18
531,000000062850.jpg,cat,17
532,000000227093.jpg,dog,18
533,000000413245.jpg,dog,18
534,000000385168.jpg,dog,18
535,000000349777.jpg,cat,17
536,000000474208.jpg,cat,17
538,000000040685.jpg,cat,17
539,000000254132.jpg,cat,17
540,000000073906.jpg,dog,18
541,000000325221.jpg,dog,18
542,000000529389.jpg,dog,18
543,000000308549.jpg,cat,17
545,000000118680.jpg,cat,17
546,000000498988.jpg,cat,17
548,000000033571.jpg,cat,17
549,000000283408.jpg,dog,18
550,000000204509.jpg,dog,18
552,000000266029.jpg,cat,17
553,000000578020.jpg,cat,17
554,000000054182.jpg,cat,17
556,000000317781.jpg,dog,18
557,000000434214.jpg,cat,17
560,000000541229.jpg,cat,17
561,000000063553.jpg,cat,17
562,000000550767.jpg,cat,17
563,000000288560.jpg,cat,17
564,000000580162.jpg,cat,17
565,000000041625.jpg,dog,18
566,000000532857.jpg,dog,18
567,000000376595.jpg,cat,17
568,000000396326.jpg,cat,17
569,000000203022.jpg,cat,17
570,000000162206.jpg,cat,17
571,000000308798.jpg,cat,17
572,000000046090.jpg,cat,17
574,000000327146.jpg,cat,17
575,000000148168.jpg,dog,18
576,000000377278.jpg,dog,18
577,000000365507.jpg,cat,17
578,000000364566.jpg,cat,17
579,000000176298.jpg,dog,18
580,000000173484.jpg,dog,18
581,000000179725.jpg,dog,18
582,000000555951.jpg,cat,17
584,000000090964.jpg,cat,17
587,000000084609.jpg,cat,17
588,000000511070.jpg,cat,17
589,000000546944.jpg,cat,17
590,000000045771.jpg,cat,17
591,000000324521.jpg,cat,17
592,000000066976.jpg,dog,18
593,000000419883.jpg,cat,17
594,000000332485.jpg,cat,17
595,000000232165.jpg,dog,18
596,000000402177.jpg,cat,17
597,000000227606.jpg,cat,17
598,000000430818.jpg,cat,17
599,000000249941.jpg,cat,17
600,000000568446.jpg,cat,17
601,000000287567.jpg,dog,18
602,000000208165.jpg,cat,17
603,000000174066.jpg,dog,18
604,000000580919.jpg,dog,18
605,000000572508.jpg,dog,18
606,000000532491.jpg,cat,17
607,000000537444.jpg,cat,17
608,000000126696.jpg,cat,17
609,000000453676.jpg,cat,17
610,000000047848.jpg,cat,17
611,000000311965.jpg,cat,17
612,000000209903.jpg,cat,17
613,000000494283.jpg,dog,18
614,000000556554.jpg,cat,17
615,000000196619.jpg,cat,17
616,000000255045.jpg,cat,17
617,000000259557.jpg,cat,17
618,000000117108.jpg,cat,17
619,000000484401.jpg,cat,17
620,000000429476.jpg,cat,17
621,000000554731.jpg,cat,17
622,000000183071.jpg,dog,18
623,000000465779.jpg,cat,17
624,000000389718.jpg,cat,17
625,000000469902.jpg,cat,17
626,000000476481.jpg,cat,17
627,000000517080.jpg,cat,17
628,000000310958.jpg,cat,17
630,000000127643.jpg,dog,18
631,000000071792.jpg,cat,17
632,000000295834.jpg,cat,17
633,000000367758.jpg,dog,18
634,000000404563.jpg,dog,18
635,000000151497.jpg,cat,17
636,000000268570.jpg,cat,17
637,000000085933.jpg,cat,17
638,000000393432.jpg,cat,17
639,000000409652.jpg,cat,17
641,000000049814.jpg,dog,18
642,000000481773.jpg,dog,18
643,000000311683.jpg,dog,18
644,000000335009.jpg,dog,18
645,000000323162.jpg,cat,17
646,000000401681.jpg,cat,17
647,000000077355.jpg,cat,17
648,000000313567.jpg,cat,17
649,000000449088.jpg,cat,17
650,000000132170.jpg,dog,18
651,000000103877.jpg,cat,17
653,000000549488.jpg,dog,18
654,000000412187.jpg,cat,17
655,000000281351.jpg,cat,17
656,000000221416.jpg,dog,18
657,000000129737.jpg,dog,18
658,000000053022.jpg,dog,18
659,000000055630.jpg,cat,17
662,000000267605.jpg,cat,17
663,000000232660.jpg,dog,18
665,000000372919.jpg,dog,18
666,000000397212.jpg,cat,17
667,000000407899.jpg,cat,17
668,000000405541.jpg,cat,17
669,000000333291.jpg,cat,17
670,000000030149.jpg,cat,17
672,000000294890.jpg,cat,17
674,000000082418.jpg,cat,17
675,000000199141.jpg,cat,17
679,000000055478.jpg,dog,18
680,000000580234.jpg,cat,17
681,000000308083.jpg,dog,18
682,000000017438.jpg,cat,17
683,000000005435.jpg,cat,17
684,000000541950.jpg,cat,17
685,000000074825.jpg,cat,17
686,000000154847.jpg,dog,18
687,000000058524.jpg,dog,18
690,000000217299.jpg,cat,17
691,000000413250.jpg,cat,17
692,000000213851.jpg,dog,18
693,000000340276.jpg,dog,18
694,000000319062.jpg,dog,18
695,000000522891.jpg,cat,17
696,000000318467.jpg,dog,18
697,000000552641.jpg,dog,18
698,000000181069.jpg,cat,17
699,000000254139.jpg,cat,17
700,000000168541.jpg,cat,17
701,000000564655.jpg,cat,17
702,000000360719.jpg,cat,17
703,000000279899.jpg,cat,17
704,000000326224.jpg,dog,18
705,000000244839.jpg,dog,18
706,000000186484.jpg,cat,17
707,000000016764.jpg,dog,18
708,000000396933.jpg,cat,17
709,000000470862.jpg,cat,17
710,000000008829.jpg,cat,17
711,000000478927.jpg,cat,17
714,000000553909.jpg,dog,18
715,000000051871.jpg,cat,17
716,000000400313.jpg,cat,17
717,000000329001.jpg,dog,18
718,000000047877.jpg,cat,17
719,000000289698.jpg,cat,17
720,000000005862.jpg,dog,18
721,000000027763.jpg,dog,18
722,000000305283.jpg,dog,18
723,000000129445.jpg,cat,17
725,000000288982.jpg,cat,17
726,000000439531.jpg,cat,17
727,000000386152.jpg,cat,17
728,000000109106.jpg,cat,17
729,000000022796.jpg,dog,18
730,000000472266.jpg,dog,18
731,000000338882.jpg,cat,17
732,000000379799.jpg,cat,17
733,000000341852.jpg,cat,17
734,000000084291.jpg,cat,17
735,000000397606.jpg,cat,17
736,000000580932.jpg,cat,17
737,000000490503.jpg,cat,17
738,000000141376.jpg,cat,17
739,000000274602.jpg,dog,18
740,000000175583.jpg,cat,17
742,000000342085.jpg,cat,17
744,000000330883.jpg,cat,17
745,000000093279.jpg,dog,18
746,000000117884.jpg,dog,18
749,000000139500.jpg,dog,18
750,000000398285.jpg,dog,18
752,000000473964.jpg,cat,17
754,000000220777.jpg,cat,17
758,000000274323.jpg,cat,17
760,000000085092.jpg,dog,18
761,000000250424.jpg,dog,18
762,000000138699.jpg,cat,17
763,000000488014.jpg,dog,18
764,000000510484.jpg,cat,17
765,000000357471.jpg,cat,17
767,000000093816.jpg,dog,18
768,000000279530.jpg,dog,18
769,000000061837.jpg,dog,18
770,000000292970.jpg,dog,18
771,000000183453.jpg,dog,18
772,000000521922.jpg,dog,18
774,000000040094.jpg,cat,17
775,000000206412.jpg,cat,17
777,000000075698.jpg,dog,18
778,000000207289.jpg,dog,18
779,000000040419.jpg,cat,17
780,000000447424.jpg,dog,18
781,000000118089.jpg,cat,17
782,000000476011.jpg,cat,17
783,000000526671.jpg,dog,18
784,000000236031.jpg,cat,17
785,000000499656.jpg,cat,17
786,000000001319.jpg,cat,17
787,000000104510.jpg,cat,17
788,000000520655.jpg,cat,17
789,000000118086.jpg,cat,17
791,000000309568.jpg,cat,17
792,000000406798.jpg,cat,17
793,000000377366.jpg,dog,18
794,000000293293.jpg,dog,18
795,000000352965.jpg,dog,18
796,000000548912.jpg,dog,18
797,000000050794.jpg,cat,17
798,000000453472.jpg,cat,17
799,000000271183.jpg,cat,17
800,000000317509.jpg,cat,17
802,000000282002.jpg,cat,17
803,000000328760.jpg,dog,18
804,000000287422.jpg,dog,18
805,000000121229.jpg,cat,17
806,000000562015.jpg,cat,17
807,000000524572.jpg,cat,17
808,000000358868.jpg,cat,17
810,000000155117.jpg,dog,18
811,000000171408.jpg,dog,18
812,000000314879.jpg,dog,18
813,000000218454.jpg,dog,18
814,000000289332.jpg,dog,18
815,000000147975.jpg,cat,17
816,000000397894.jpg,cat,17
817,000000168948.jpg,cat,17
818,000000522441.jpg,cat,17
819,000000094444.jpg,cat,17
820,000000510349.jpg,cat,17
821,000000136129.jpg,dog,18
822,000000239644.jpg,dog,18
823,000000268388.jpg,cat,17
824,000000300120.jpg,cat,17
825,000000174005.jpg,cat,17
827,000000379226.jpg,cat,17
828,000000288770.jpg,cat,17
829,000000151229.jpg,cat,17
830,000000100588.jpg,cat,17
831,000000371773.jpg,cat,17
832,000000039716.jpg,cat,17
833,000000022427.jpg,dog,18
834,000000500646.jpg,cat,17
835,000000040348.jpg,cat,17
837,000000005355.jpg,dog,18
838,000000577884.jpg,cat,17
839,000000463593.jpg,dog,18
840,000000199268.jpg,cat,17
841,000000206656.jpg,cat,17
842,000000480745.jpg,cat,17
843,000000222145.jpg,cat,17
844,000000270034.jpg,cat,17
845,000000314537.jpg,cat,17
847,000000216480.jpg,cat,17
848,000000561582.jpg,cat,17
849,000000011244.jpg,cat,17
850,000000201151.jpg,cat,17
851,000000308768.jpg,cat,17
853,000000384742.jpg,cat,17
855,000000369341.jpg,cat,17
857,000000233379.jpg,cat,17
858,000000248640.jpg,cat,17
859,000000137206.jpg,cat,17
860,000000336804.jpg,dog,18
861,000000433202.jpg,cat,17
862,000000348290.jpg,cat,17
864,000000237286.jpg,cat,17
865,000000172163.jpg,cat,17
866,000000264885.jpg,cat,17
867,000000143532.jpg,dog,18
868,000000442468.jpg,dog,18
870,000000235842.jpg,cat,17
871,000000144088.jpg,cat,17
872,000000045071.jpg,cat,17
873,000000251646.jpg,cat,17
874,000000241785.jpg,dog,18
875,000000044776.jpg,dog,18
876,000000273893.jpg,cat,17
877,000000117946.jpg,dog,18
878,000000271357.jpg,cat,17
879,000000542946.jpg,cat,17
880,000000109629.jpg,cat,17
881,000000172310.jpg,dog,18
882,000000306554.jpg,cat,17
883,000000550265.jpg,cat,17
884,000000301146.jpg,cat,17
885,000000509021.jpg,cat,17
886,000000470128.jpg,cat,17
888,000000187156.jpg,dog,18
889,000000386414.jpg,cat,17
890,000000112951.jpg,cat,17
891,000000173987.jpg,dog,18
892,000000457275.jpg,dog,18
893,000000168317.jpg,dog,18
894,000000013678.jpg,cat,17
895,000000006730.jpg,cat,17
897,000000049062.jpg,cat,17
898,000000405278.jpg,cat,17
899,000000328069.jpg,cat,17
900,000000128429.jpg,cat,17
901,000000107100.jpg,cat,17
902,000000387933.jpg,dog,18
0,000000232262.jpg,Vehicle,3
1,000000061181.jpg,Vehicle,3
2,000000580041.jpg,Vehicle,3
3,000000128939.jpg,Vehicle,3
4,000000542510.jpg,Vehicle,3
5,000000551952.jpg,Vehicle,3
6,000000227227.jpg,Vehicle,3
7,000000406932.jpg,Vehicle,3
8,000000352194.jpg,Vehicle,3
9,000000551517.jpg,Vehicle,3
10,000000189773.jpg,Vehicle,3
11,000000107244.jpg,Vehicle,3
12,000000245481.jpg,Vehicle,3
13,000000112739.jpg,Vehicle,3
14,000000451972.jpg,Vehicle,3
15,000000114673.jpg,Vehicle,3
16,000000209788.jpg,Vehicle,3
17,000000486521.jpg,Vehicle,3
18,000000231402.jpg,Vehicle,3
19,000000185943.jpg,Vehicle,3
20,000000067757.jpg,Vehicle,3
21,000000158118.jpg,Vehicle,3
22,000000008646.jpg,Vehicle,3
23,000000302219.jpg,Vehicle,3
24,000000071345.jpg,Vehicle,3
25,000000554828.jpg,Vehicle,3
26,000000123244.jpg,Vehicle,3
27,000000420081.jpg,Vehicle,3
28,000000451944.jpg,Vehicle,3
29,000000035148.jpg,Vehicle,3
30,000000252292.jpg,Vehicle,3
31,000000505967.jpg,Vehicle,3
32,000000383053.jpg,Vehicle,3
33,000000447991.jpg,Vehicle,3
34,000000258702.jpg,Vehicle,3
35,000000009286.jpg,Vehicle,3
36,000000422432.jpg,Vehicle,3
37,000000014278.jpg,Vehicle,3
38,000000415904.jpg,Vehicle,3
39,000000097131.jpg,Vehicle,3
40,000000511583.jpg,Vehicle,3
41,000000245013.jpg,Vehicle,3
42,000000206684.jpg,Vehicle,3
43,000000198486.jpg,Vehicle,3
44,000000309859.jpg,Vehicle,3
45,000000124462.jpg,Vehicle,3
46,000000198775.jpg,Vehicle,3
47,000000349101.jpg,Vehicle,3
48,000000508302.jpg,Vehicle,3
49,000000141616.jpg,Vehicle,3
50,000000099584.jpg,Vehicle,3
51,000000199127.jpg,Vehicle,3
52,000000412676.jpg,Vehicle,3
53,000000533434.jpg,Vehicle,3
54,000000079955.jpg,Vehicle,3
55,000000095283.jpg,Vehicle,3
56,000000063650.jpg,Vehicle,3
57,000000274657.jpg,Vehicle,3
58,000000346716.jpg,Vehicle,3
59,000000463084.jpg,Vehicle,3
60,000000225177.jpg,Vehicle,3
61,000000182874.jpg,Vehicle,3
62,000000056302.jpg,Vehicle,3
63,000000133999.jpg,Vehicle,3
64,000000067178.jpg,Vehicle,3
65,000000468115.jpg,Vehicle,3
66,000000012230.jpg,Vehicle,3
67,000000246074.jpg,Vehicle,3
68,000000212241.jpg,Vehicle,3
69,000000192128.jpg,Vehicle,3
70,000000489687.jpg,Vehicle,3
71,000000195510.jpg,Vehicle,3
72,000000484301.jpg,Vehicle,3
73,000000149974.jpg,Vehicle,3
74,000000540694.jpg,Vehicle,3
75,000000262505.jpg,Vehicle,3
76,000000137156.jpg,Vehicle,3
77,000000214255.jpg,Vehicle,3
78,000000398148.jpg,Vehicle,3
79,000000090442.jpg,Vehicle,3
80,000000282366.jpg,Vehicle,3
81,000000431152.jpg,Vehicle,3
82,000000276971.jpg,Vehicle,3
83,000000473214.jpg,Vehicle,3
84,000000483722.jpg,Vehicle,3
85,000000415840.jpg,Vehicle,3
86,000000013965.jpg,Vehicle,3
87,000000461973.jpg,Vehicle,3
88,000000129957.jpg,Vehicle,3
89,000000019923.jpg,Vehicle,3
90,000000264599.jpg,Vehicle,3
91,000000354537.jpg,Vehicle,3
92,000000051167.jpg,Vehicle,3
93,000000430155.jpg,Vehicle,3
94,000000059328.jpg,Vehicle,3
95,000000097080.jpg,Vehicle,3
96,000000000923.jpg,Vehicle,3
97,000000007096.jpg,Vehicle,3
98,000000525361.jpg,Vehicle,3
99,000000137822.jpg,Vehicle,3
100,000000370503.jpg,Vehicle,3
101,000000397903.jpg,Vehicle,3
102,000000093476.jpg,Vehicle,3
103,000000299970.jpg,Vehicle,3
104,000000187349.jpg,Vehicle,3
105,000000559730.jpg,Vehicle,3
106,000000427091.jpg,Vehicle,3
107,000000302787.jpg,Vehicle,3
108,000000445371.jpg,Vehicle,3
109,000000147195.jpg,Vehicle,3
110,000000406070.jpg,Vehicle,3
111,000000241559.jpg,Vehicle,3
112,000000523360.jpg,Vehicle,3
113,000000367747.jpg,Vehicle,3
114,000000272430.jpg,Vehicle,3
115,000000319053.jpg,Vehicle,3
116,000000228411.jpg,Vehicle,3
117,000000322143.jpg,Vehicle,3
118,000000441083.jpg,Vehicle,3
119,000000431023.jpg,Vehicle,3
120,000000151877.jpg,Vehicle,3
121,000000111789.jpg,Vehicle,3
122,000000083844.jpg,Vehicle,3
123,000000448983.jpg,Vehicle,3
124,000000252911.jpg,Vehicle,3
125,000000335119.jpg,Vehicle,3
126,000000245162.jpg,Vehicle,3
127,000000050752.jpg,Vehicle,3
128,000000226065.jpg,Vehicle,3
129,000000551199.jpg,Vehicle,3
130,000000411674.jpg,Vehicle,3
131,000000236010.jpg,Vehicle,3
132,000000171915.jpg,Vehicle,3
133,000000339344.jpg,Vehicle,3
134,000000540783.jpg,Vehicle,3
135,000000279521.jpg,Vehicle,3
136,000000200250.jpg,Vehicle,3
137,000000440486.jpg,Vehicle,3
138,000000385346.jpg,Vehicle,3
139,000000466981.jpg,Vehicle,3
140,000000412639.jpg,Vehicle,3
141,000000521721.jpg,Vehicle,3
142,000000549560.jpg,Vehicle,3
143,000000079357.jpg,Vehicle,3
144,000000346904.jpg,Vehicle,3
145,000000219928.jpg,Vehicle,3
146,000000379086.jpg,Vehicle,3
147,000000298649.jpg,Vehicle,3
148,000000351840.jpg,Vehicle,3
149,000000399998.jpg,Vehicle,3
150,000000263177.jpg,Vehicle,3
151,000000199492.jpg,Vehicle,3
152,000000277048.jpg,Vehicle,3
153,000000402903.jpg,Vehicle,3
154,000000415828.jpg,Vehicle,3
155,000000463203.jpg,Vehicle,3
156,000000194306.jpg,Vehicle,3
157,000000421569.jpg,Vehicle,3
158,000000122314.jpg,Vehicle,3
159,000000087429.jpg,Vehicle,3
160,000000365611.jpg,Vehicle,3
161,000000018366.jpg,Vehicle,3
162,000000020979.jpg,Vehicle,3
163,000000250608.jpg,Vehicle,3
164,000000293785.jpg,Vehicle,3
165,000000376793.jpg,Vehicle,3
166,000000097146.jpg,Vehicle,3
167,000000012946.jpg,Vehicle,3
168,000000058057.jpg,Vehicle,3
169,000000089790.jpg,Vehicle,3
170,000000276063.jpg,Vehicle,3
171,000000258674.jpg,Vehicle,3
172,000000042008.jpg,Vehicle,3
173,000000237324.jpg,Vehicle,3
174,000000473050.jpg,Vehicle,3
175,000000312384.jpg,Vehicle,3
176,000000279874.jpg,Vehicle,3
177,000000180013.jpg,Vehicle,3
178,000000388316.jpg,Vehicle,3
179,000000013296.jpg,Vehicle,3
180,000000106166.jpg,Vehicle,3
181,000000186821.jpg,Vehicle,3
182,000000445606.jpg,Vehicle,3
183,000000058304.jpg,Vehicle,3
184,000000038357.jpg,Vehicle,3
185,000000419089.jpg,Vehicle,3
186,000000118778.jpg,Vehicle,3
187,000000096207.jpg,Vehicle,3
188,000000345848.jpg,Vehicle,3
189,000000401061.jpg,Vehicle,3
190,000000428116.jpg,Vehicle,3
191,000000321886.jpg,Vehicle,3
192,000000567944.jpg,Vehicle,3
193,000000012818.jpg,Vehicle,3
194,000000557016.jpg,Vehicle,3
195,000000270175.jpg,Vehicle,3
196,000000031748.jpg,Vehicle,3
197,000000418701.jpg,Vehicle,3
198,000000025433.jpg,Vehicle,3
199,000000088225.jpg,Vehicle,3
200,000000160233.jpg,Vehicle,3
201,000000408818.jpg,Vehicle,3
202,000000480140.jpg,Vehicle,3
203,000000077689.jpg,Vehicle,3
204,000000383414.jpg,Vehicle,3
205,000000160276.jpg,Vehicle,3
206,000000415530.jpg,Vehicle,3
207,000000520503.jpg,Vehicle,3
208,000000576461.jpg,Vehicle,3
209,000000397522.jpg,Vehicle,3
210,000000162561.jpg,Vehicle,3
211,000000120682.jpg,Vehicle,3
212,000000026209.jpg,Vehicle,3
213,000000035897.jpg,Vehicle,3
214,000000491000.jpg,Vehicle,3
215,000000106335.jpg,Vehicle,3
216,000000160004.jpg,Vehicle,3
217,000000115571.jpg,Vehicle,3
218,000000344762.jpg,Vehicle,3
219,000000432276.jpg,Vehicle,3
220,000000372620.jpg,Vehicle,3
221,000000167792.jpg,Vehicle,3
222,000000498758.jpg,Vehicle,3
223,000000318200.jpg,Vehicle,3
224,000000579859.jpg,Vehicle,3
225,000000458338.jpg,Vehicle,3
226,000000161873.jpg,Vehicle,3
227,000000408610.jpg,Vehicle,3
228,000000315621.jpg,Vehicle,3
229,000000057879.jpg,Vehicle,3
230,000000418251.jpg,Vehicle,3
231,000000531286.jpg,Vehicle,3
232,000000503277.jpg,Vehicle,3
233,000000117037.jpg,Vehicle,3
234,000000020671.jpg,Vehicle,3
235,000000192594.jpg,Vehicle,3
236,000000357552.jpg,Vehicle,3
237,000000320482.jpg,Vehicle,3
238,000000218134.jpg,Vehicle,3
239,000000386592.jpg,Vehicle,3
240,000000215287.jpg,Vehicle,3
241,000000531796.jpg,Vehicle,3
242,000000516372.jpg,Vehicle,3
243,000000391392.jpg,Vehicle,3
244,000000450324.jpg,Vehicle,3
245,000000409963.jpg,Vehicle,3
246,000000170425.jpg,Vehicle,3
247,000000247576.jpg,Vehicle,3
248,000000094202.jpg,Vehicle,3
249,000000301926.jpg,Vehicle,3
250,000000433014.jpg,Vehicle,3
251,000000201496.jpg,Vehicle,3
252,000000397375.jpg,Vehicle,3
253,000000578848.jpg,Vehicle,3
254,000000090020.jpg,Vehicle,3
255,000000018158.jpg,Vehicle,3
256,000000040620.jpg,Vehicle,3
257,000000383112.jpg,Vehicle,3
258,000000081054.jpg,Vehicle,3
259,000000462954.jpg,Vehicle,3
260,000000557127.jpg,Vehicle,3
261,000000384827.jpg,Vehicle,3
262,000000188346.jpg,Vehicle,3
263,000000432120.jpg,Vehicle,3
264,000000576650.jpg,Vehicle,3
265,000000540449.jpg,Vehicle,3
266,000000082673.jpg,Vehicle,3
267,000000357944.jpg,Vehicle,3
268,000000509675.jpg,Vehicle,3
269,000000244421.jpg,Vehicle,3
270,000000239492.jpg,Vehicle,3
271,000000203110.jpg,Vehicle,3
272,000000559270.jpg,Vehicle,3
273,000000109012.jpg,Vehicle,3
274,000000042408.jpg,Vehicle,3
275,000000010920.jpg,Vehicle,3
276,000000160740.jpg,Vehicle,3
277,000000382640.jpg,Vehicle,3
278,000000348400.jpg,Vehicle,3
279,000000533311.jpg,Vehicle,3
280,000000311471.jpg,Vehicle,3
281,000000202810.jpg,Vehicle,3
282,000000344702.jpg,Vehicle,3
283,000000288824.jpg,Vehicle,3
284,000000432962.jpg,Vehicle,3
285,000000323528.jpg,Vehicle,3
286,000000383611.jpg,Vehicle,3
287,000000432378.jpg,Vehicle,3
288,000000191474.jpg,Vehicle,3
289,000000426917.jpg,Vehicle,3
290,000000024522.jpg,Vehicle,3
291,000000261471.jpg,Vehicle,3
292,000000422434.jpg,Vehicle,3
293,000000519361.jpg,Vehicle,3
294,000000094610.jpg,Vehicle,3
295,000000235380.jpg,Vehicle,3
296,000000470623.jpg,Vehicle,3
297,000000217846.jpg,Vehicle,3
298,000000038465.jpg,Vehicle,3
299,000000546687.jpg,Vehicle,3
300,000000042137.jpg,Vehicle,3
301,000000519784.jpg,Vehicle,3
302,000000411047.jpg,Vehicle,3
303,000000320171.jpg,Vehicle,3
304,000000466921.jpg,Vehicle,3
305,000000368663.jpg,Vehicle,3
306,000000581458.jpg,Vehicle,3
307,000000358301.jpg,Vehicle,3
308,000000225225.jpg,Vehicle,3
309,000000424998.jpg,Vehicle,3
310,000000097782.jpg,Vehicle,3
311,000000121143.jpg,Vehicle,3
312,000000392717.jpg,Vehicle,3
313,000000487631.jpg,Vehicle,3
314,000000124952.jpg,Vehicle,3
315,000000277932.jpg,Vehicle,3
316,000000444703.jpg,Vehicle,3
317,000000242034.jpg,Vehicle,3
318,000000363881.jpg,Vehicle,3
319,000000082787.jpg,Vehicle,3
320,000000551018.jpg,Vehicle,3
321,000000315769.jpg,Vehicle,3
322,000000581887.jpg,Vehicle,3
323,000000194398.jpg,Vehicle,3
324,000000343963.jpg,Vehicle,3
325,000000326510.jpg,Vehicle,3
326,000000512796.jpg,Vehicle,3
327,000000510782.jpg,Vehicle,3
328,000000563040.jpg,Vehicle,3
329,000000176466.jpg,Vehicle,3
330,000000305101.jpg,Vehicle,3
331,000000517973.jpg,Vehicle,3
332,000000016285.jpg,Vehicle,3
333,000000556012.jpg,Vehicle,3
334,000000333746.jpg,Vehicle,3
335,000000469996.jpg,Vehicle,3
336,000000101053.jpg,Vehicle,3
337,000000039811.jpg,Vehicle,3
338,000000403657.jpg,Vehicle,3
339,000000035891.jpg,Vehicle,3
340,000000567205.jpg,Vehicle,3
341,000000497441.jpg,Vehicle,3
342,000000544278.jpg,Vehicle,3
343,000000257448.jpg,Vehicle,3
344,000000265378.jpg,Vehicle,3
345,000000552636.jpg,Vehicle,3
346,000000442582.jpg,Vehicle,3
347,000000249670.jpg,Vehicle,3
348,000000291048.jpg,Vehicle,3
349,000000081287.jpg,Vehicle,3
350,000000448871.jpg,Vehicle,3
351,000000532142.jpg,Vehicle,3
352,000000050786.jpg,Vehicle,3
353,000000103127.jpg,Vehicle,3
354,000000277094.jpg,Vehicle,3
355,000000085956.jpg,Vehicle,3
356,000000197716.jpg,Vehicle,3
357,000000240775.jpg,Vehicle,3
358,000000579471.jpg,Vehicle,3
359,000000329900.jpg,Vehicle,3
360,000000299493.jpg,Vehicle,3
361,000000190406.jpg,Vehicle,3
362,000000541132.jpg,Vehicle,3
363,000000435034.jpg,Vehicle,3
364,000000001374.jpg,Vehicle,3
365,000000027975.jpg,Vehicle,3
366,000000508218.jpg,Vehicle,3
367,000000045434.jpg,Vehicle,3
368,000000442681.jpg,Vehicle,3
369,000000368648.jpg,Vehicle,3
370,000000581356.jpg,Vehicle,3
371,000000127997.jpg,Vehicle,3
372,000000160211.jpg,Vehicle,3
373,000000441165.jpg,Vehicle,3
374,000000293909.jpg,Vehicle,3
375,000000343322.jpg,Vehicle,3
376,000000167603.jpg,Vehicle,3
377,000000492386.jpg,Vehicle,3
378,000000498943.jpg,Vehicle,3
379,000000083770.jpg,Vehicle,3
380,000000173634.jpg,Vehicle,3
381,000000014757.jpg,Vehicle,3
382,000000034884.jpg,Vehicle,3
383,000000524709.jpg,Vehicle,3
384,000000575590.jpg,Vehicle,3
385,000000163387.jpg,Vehicle,3
386,000000238223.jpg,Vehicle,3
387,000000344720.jpg,Vehicle,3
388,000000209176.jpg,Vehicle,3
389,000000330426.jpg,Vehicle,3
390,000000544117.jpg,Vehicle,3
391,000000392060.jpg,Vehicle,3
392,000000246423.jpg,Vehicle,3
393,000000352938.jpg,Vehicle,3
394,000000178550.jpg,Vehicle,3
395,000000257311.jpg,Vehicle,3
396,000000086020.jpg,Vehicle,3
397,000000287877.jpg,Vehicle,3
398,000000459697.jpg,Vehicle,3
399,000000301769.jpg,Vehicle,3
400,000000117071.jpg,Vehicle,3
401,000000207236.jpg,Vehicle,3
402,000000260123.jpg,Vehicle,3
403,000000049092.jpg,Vehicle,3
404,000000062057.jpg,Vehicle,3
405,000000431675.jpg,Vehicle,3
406,000000116650.jpg,Vehicle,3
407,000000220686.jpg,Vehicle,3
408,000000423052.jpg,Vehicle,3
409,000000354218.jpg,Vehicle,3
410,000000464111.jpg,Vehicle,3
411,000000037864.jpg,Vehicle,3
412,000000498570.jpg,Vehicle,3
413,000000016578.jpg,Vehicle,3
414,000000173163.jpg,Vehicle,3
415,000000024368.jpg,Vehicle,3
416,000000176372.jpg,Vehicle,3
417,000000325366.jpg,Vehicle,3
418,000000124739.jpg,Vehicle,3
419,000000019496.jpg,Vehicle,3
420,000000401229.jpg,Vehicle,3
421,000000364312.jpg,Vehicle,3
422,000000177922.jpg,Vehicle,3
423,000000047407.jpg,Vehicle,3
424,000000458390.jpg,Vehicle,3
425,000000573744.jpg,Vehicle,3
426,000000300476.jpg,Vehicle,3
427,000000265351.jpg,Vehicle,3
428,000000339589.jpg,Vehicle,3
429,000000086927.jpg,Vehicle,3
430,000000523711.jpg,Vehicle,3
431,000000184669.jpg,Vehicle,3
432,000000230864.jpg,Vehicle,3
433,000000370738.jpg,Vehicle,3
434,000000222929.jpg,Vehicle,3
435,000000231863.jpg,Vehicle,3
436,000000338833.jpg,Vehicle,3
437,000000411243.jpg,Vehicle,3
438,000000062815.jpg,Vehicle,3
439,000000305170.jpg,Vehicle,3
440,000000054086.jpg,Vehicle,3
441,000000267372.jpg,Vehicle,3
442,000000002998.jpg,Vehicle,3
443,000000147972.jpg,Vehicle,3
444,000000313280.jpg,Vehicle,3
445,000000042529.jpg,Vehicle,3
446,000000268774.jpg,Vehicle,3
447,000000172059.jpg,Vehicle,3
448,000000041453.jpg,Vehicle,3
449,000000097049.jpg,Vehicle,3
450,000000351191.jpg,Vehicle,3
451,000000012145.jpg,Vehicle,3
452,000000403464.jpg,Vehicle,3
453,000000128215.jpg,Vehicle,3
454,000000062477.jpg,Vehicle,3
455,000000012567.jpg,Vehicle,3
456,000000566029.jpg,Vehicle,3
457,000000213780.jpg,Vehicle,3
458,000000312760.jpg,Vehicle,3
459,000000335336.jpg,Vehicle,3
460,000000545163.jpg,Vehicle,3
461,000000499760.jpg,Vehicle,3
462,000000511279.jpg,Vehicle,3
463,000000261431.jpg,Vehicle,3
464,000000326639.jpg,Vehicle,3
465,000000209791.jpg,Vehicle,3
466,000000304236.jpg,Vehicle,3
467,000000023429.jpg,Vehicle,3
468,000000200988.jpg,Vehicle,3
469,000000175500.jpg,Vehicle,3
470,000000255786.jpg,Vehicle,3
471,000000481874.jpg,Vehicle,3
472,000000331379.jpg,Vehicle,3
473,000000062387.jpg,Vehicle,3
474,000000075423.jpg,Vehicle,3
475,000000181992.jpg,Vehicle,3
476,000000386973.jpg,Vehicle,3
477,000000275206.jpg,Vehicle,3
478,000000353260.jpg,Vehicle,3
479,000000581582.jpg,Vehicle,3
480,000000039632.jpg,Vehicle,3
481,000000563058.jpg,Vehicle,3
482,000000284783.jpg,Vehicle,3
483,000000540404.jpg,Vehicle,3
484,000000151594.jpg,Vehicle,3
485,000000215223.jpg,Vehicle,3
486,000000041606.jpg,Vehicle,3
487,000000484278.jpg,Vehicle,3
488,000000107225.jpg,Vehicle,3
489,000000136979.jpg,Vehicle,3
490,000000402960.jpg,Vehicle,3
491,000000158915.jpg,Vehicle,3
492,000000346026.jpg,Vehicle,3
493,000000016039.jpg,Vehicle,3
494,000000381301.jpg,Vehicle,3
495,000000399232.jpg,Vehicle,3
496,000000411130.jpg,Vehicle,3
497,000000523224.jpg,Vehicle,3
498,000000545953.jpg,Vehicle,3
499,000000482371.jpg,Vehicle,3
500,000000397511.jpg,Vehicle,3
501,000000051322.jpg,Vehicle,3
502,000000570978.jpg,Vehicle,3
503,000000577758.jpg,Vehicle,3
504,000000125848.jpg,Vehicle,3
505,000000268468.jpg,Vehicle,3
506,000000377226.jpg,Vehicle,3
507,000000066067.jpg,Vehicle,3
508,000000400940.jpg,Vehicle,3
509,000000422869.jpg,Vehicle,3
510,000000105781.jpg,Vehicle,3
511,000000276597.jpg,Vehicle,3
512,000000537689.jpg,Vehicle,3
513,000000045188.jpg,Vehicle,3
514,000000007740.jpg,Vehicle,3
515,000000178319.jpg,Vehicle,3
516,000000493806.jpg,Vehicle,3
517,000000166499.jpg,Vehicle,3
518,000000126524.jpg,Vehicle,3
519,000000522119.jpg,Vehicle,3
520,000000507937.jpg,Vehicle,3
521,000000561885.jpg,Vehicle,3
522,000000281160.jpg,Vehicle,3
523,000000492674.jpg,Vehicle,3
524,000000210849.jpg,Vehicle,3
525,000000519136.jpg,Vehicle,3
526,000000051985.jpg,Vehicle,3
527,000000135270.jpg,Vehicle,3
528,000000364476.jpg,Vehicle,3
529,000000269913.jpg,Vehicle,3
530,000000390515.jpg,Vehicle,3
531,000000438841.jpg,Vehicle,3
532,000000467564.jpg,Vehicle,3
533,000000219274.jpg,Vehicle,3
534,000000073192.jpg,Vehicle,3
535,000000454253.jpg,Vehicle,3
536,000000387924.jpg,Vehicle,3
537,000000319005.jpg,Vehicle,3
538,000000506782.jpg,Vehicle,3
539,000000445408.jpg,Vehicle,3
540,000000187181.jpg,Vehicle,3
541,000000539848.jpg,Vehicle,3
542,000000123862.jpg,Vehicle,3
543,000000400380.jpg,Vehicle,3
544,000000328119.jpg,Vehicle,3
545,000000503378.jpg,Vehicle,3
546,000000323737.jpg,Vehicle,3
547,000000061206.jpg,Vehicle,3
548,000000535389.jpg,Vehicle,3
549,000000056641.jpg,Vehicle,3
550,000000505104.jpg,Vehicle,3
551,000000009112.jpg,Vehicle,3
552,000000185646.jpg,Vehicle,3
553,000000392949.jpg,Vehicle,3
554,000000085482.jpg,Vehicle,3
555,000000202112.jpg,Vehicle,3
556,000000460470.jpg,Vehicle,3
557,000000529586.jpg,Vehicle,3
558,000000201706.jpg,Vehicle,3
559,000000407812.jpg,Vehicle,3
560,000000033698.jpg,Vehicle,3
561,000000193479.jpg,Vehicle,3
562,000000067439.jpg,Vehicle,3
563,000000109136.jpg,Vehicle,3
564,000000517305.jpg,Vehicle,3
565,000000531224.jpg,Vehicle,3
566,000000345625.jpg,Vehicle,3
567,000000140236.jpg,Vehicle,3
568,000000110792.jpg,Vehicle,3
569,000000218850.jpg,Vehicle,3
570,000000169499.jpg,Vehicle,3
571,000000321679.jpg,Vehicle,3
572,000000230893.jpg,Vehicle,3
573,000000138290.jpg,Vehicle,3
574,000000231614.jpg,Vehicle,3
575,000000049268.jpg,Vehicle,3
576,000000226528.jpg,Vehicle,3
577,000000001924.jpg,Vehicle,3
578,000000042156.jpg,Vehicle,3
579,000000091234.jpg,Vehicle,3
580,000000255330.jpg,Vehicle,3
581,000000180967.jpg,Vehicle,3
582,000000048130.jpg,Vehicle,3
583,000000124152.jpg,Vehicle,3
584,000000292977.jpg,Vehicle,3
585,000000492639.jpg,Vehicle,3
586,000000376668.jpg,Vehicle,3
587,000000105936.jpg,Vehicle,3
588,000000213382.jpg,Vehicle,3
589,000000140247.jpg,Vehicle,3
590,000000472452.jpg,Vehicle,3
591,000000390935.jpg,Vehicle,3
592,000000540848.jpg,Vehicle,3
593,000000475580.jpg,Vehicle,3
594,000000212648.jpg,Vehicle,3
595,000000269888.jpg,Vehicle,3
596,000000476500.jpg,Vehicle,3
597,000000328487.jpg,Vehicle,3
598,000000011569.jpg,Vehicle,3
599,000000390001.jpg,Vehicle,3
600,000000479984.jpg,Vehicle,3
601,000000381433.jpg,Vehicle,3
602,000000317460.jpg,Vehicle,3
603,000000173722.jpg,Vehicle,3
604,000000485913.jpg,Vehicle,3
605,000000150196.jpg,Vehicle,3
606,000000400436.jpg,Vehicle,3
607,000000465369.jpg,Vehicle,3
608,000000060433.jpg,Vehicle,3
609,000000462536.jpg,Vehicle,3
610,000000160610.jpg,Vehicle,3
611,000000107386.jpg,Vehicle,3
612,000000315322.jpg,Vehicle,3
613,000000157539.jpg,Vehicle,3
614,000000280995.jpg,Vehicle,3
615,000000412824.jpg,Vehicle,3
616,000000187280.jpg,Vehicle,3
617,000000256607.jpg,Vehicle,3
618,000000321711.jpg,Vehicle,3
619,000000150552.jpg,Vehicle,3
620,000000358781.jpg,Vehicle,3
621,000000022440.jpg,Vehicle,3
622,000000300079.jpg,Vehicle,3
623,000000427547.jpg,Vehicle,3
624,000000160009.jpg,Vehicle,3
625,000000170366.jpg,Vehicle,3
626,000000029639.jpg,Vehicle,3
627,000000568647.jpg,Vehicle,3
628,000000533739.jpg,Vehicle,3
629,000000117993.jpg,Vehicle,3
630,000000000094.jpg,Vehicle,3
631,000000396907.jpg,Vehicle,3
632,000000067256.jpg,Vehicle,3
633,000000481357.jpg,Vehicle,3
634,000000467187.jpg,Vehicle,3
635,000000229942.jpg,Vehicle,3
636,000000440726.jpg,Vehicle,3
637,000000002860.jpg,Vehicle,3
638,000000272901.jpg,Vehicle,3
639,000000510006.jpg,Vehicle,3
640,000000503538.jpg,Vehicle,3
641,000000111768.jpg,Vehicle,3
642,000000423643.jpg,Vehicle,3
643,000000451793.jpg,Vehicle,3
644,000000270583.jpg,Vehicle,3
645,000000010719.jpg,Vehicle,3
646,000000188017.jpg,Vehicle,3
647,000000012109.jpg,Vehicle,3
648,000000503674.jpg,Vehicle,3
649,000000222489.jpg,Vehicle,3
650,000000494190.jpg,Vehicle,3
651,000000568311.jpg,Vehicle,3
652,000000527830.jpg,Vehicle,3
653,000000208067.jpg,Vehicle,3
654,000000437778.jpg,Vehicle,3
655,000000252544.jpg,Vehicle,3
656,000000285131.jpg,Vehicle,3
657,000000145518.jpg,Vehicle,3
658,000000209405.jpg,Vehicle,3
659,000000502104.jpg,Vehicle,3
660,000000354821.jpg,Vehicle,3
661,000000369299.jpg,Vehicle,3
662,000000473665.jpg,Vehicle,3
663,000000543332.jpg,Vehicle,3
664,000000139507.jpg,Vehicle,3
665,000000184980.jpg,Vehicle,3
666,000000187855.jpg,Vehicle,3
667,000000179906.jpg,Vehicle,3
668,000000237210.jpg,Vehicle,3
669,000000210057.jpg,Vehicle,3
670,000000216393.jpg,Vehicle,3
671,000000093000.jpg,Vehicle,3
672,000000227205.jpg,Vehicle,3
673,000000555122.jpg,Vehicle,3
674,000000420634.jpg,Vehicle,3
675,000000169360.jpg,Vehicle,3
676,000000561527.jpg,Vehicle,3
677,000000058987.jpg,Vehicle,3
678,000000379448.jpg,Vehicle,3
679,000000140008.jpg,Vehicle,3
680,000000327895.jpg,Vehicle,3
681,000000265454.jpg,Vehicle,3
682,000000029254.jpg,Vehicle,3
683,000000545191.jpg,Vehicle,3
684,000000517086.jpg,Vehicle,3
685,000000320926.jpg,Vehicle,3
686,000000135463.jpg,Vehicle,3
687,000000536663.jpg,Vehicle,3
688,000000271464.jpg,Vehicle,3
689,000000019725.jpg,Vehicle,3
690,000000193243.jpg,Vehicle,3
691,000000063446.jpg,Vehicle,3
692,000000021571.jpg,Vehicle,3
693,000000553285.jpg,Vehicle,3
694,000000339536.jpg,Vehicle,3
695,000000110735.jpg,Vehicle,3
696,000000263826.jpg,Vehicle,3
697,000000429353.jpg,Vehicle,3
698,000000405181.jpg,Vehicle,3
699,000000038905.jpg,Vehicle,3
700,000000026078.jpg,Vehicle,3
701,000000523196.jpg,Vehicle,3
702,000000007124.jpg,Vehicle,3
703,000000205150.jpg,Vehicle,3
704,000000372615.jpg,Vehicle,3
705,000000374490.jpg,Vehicle,3
706,000000338994.jpg,Vehicle,3
707,000000135122.jpg,Vehicle,3
708,000000038558.jpg,Vehicle,3
709,000000399332.jpg,Vehicle,3
710,000000231907.jpg,Vehicle,3
711,000000117639.jpg,Vehicle,3
712,000000373033.jpg,Vehicle,3
713,000000306451.jpg,Vehicle,3
714,000000543062.jpg,Vehicle,3
715,000000387796.jpg,Vehicle,3
716,000000575260.jpg,Vehicle,3
717,000000268251.jpg,Vehicle,3
718,000000577035.jpg,Vehicle,3
719,000000116694.jpg,Vehicle,3
720,000000466597.jpg,Vehicle,3
721,000000534314.jpg,Vehicle,3
722,000000419364.jpg,Vehicle,3
723,000000193867.jpg,Vehicle,3
724,000000349931.jpg,Vehicle,3
725,000000264388.jpg,Vehicle,3
726,000000025833.jpg,Vehicle,3
727,000000447726.jpg,Vehicle,3
728,000000216319.jpg,Vehicle,3
729,000000357003.jpg,Vehicle,3
730,000000258344.jpg,Vehicle,3
731,000000125720.jpg,Vehicle,3
732,000000491526.jpg,Vehicle,3
733,000000451594.jpg,Vehicle,3
734,000000247052.jpg,Vehicle,3
735,000000216952.jpg,Vehicle,3
736,000000530433.jpg,Vehicle,3
737,000000258856.jpg,Vehicle,3
738,000000548253.jpg,Vehicle,3
739,000000510012.jpg,Vehicle,3
740,000000563593.jpg,Vehicle,3
741,000000400093.jpg,Vehicle,3
742,000000537879.jpg,Vehicle,3
743,000000095266.jpg,Vehicle,3
744,000000118404.jpg,Vehicle,3
745,000000165347.jpg,Vehicle,3
746,000000102377.jpg,Vehicle,3
747,000000380665.jpg,Vehicle,3
748,000000461236.jpg,Vehicle,3
749,000000577685.jpg,Vehicle,3
750,000000047293.jpg,Vehicle,3
751,000000200404.jpg,Vehicle,3
752,000000501842.jpg,Vehicle,3
753,000000469475.jpg,Vehicle,3
754,000000208849.jpg,Vehicle,3
755,000000161996.jpg,Vehicle,3
756,000000543717.jpg,Vehicle,3
757,000000378906.jpg,Vehicle,3
758,000000328088.jpg,Vehicle,3
759,000000518518.jpg,Vehicle,3
760,000000267604.jpg,Vehicle,3
761,000000289807.jpg,Vehicle,3
762,000000516012.jpg,Vehicle,3
763,000000452398.jpg,Vehicle,3
764,000000510799.jpg,Vehicle,3
765,000000026319.jpg,Vehicle,3
766,000000390933.jpg,Vehicle,3
767,000000546800.jpg,Vehicle,3
768,000000560046.jpg,Vehicle,3
769,000000036326.jpg,Vehicle,3
770,000000095202.jpg,Vehicle,3
771,000000462238.jpg,Vehicle,3
772,000000095243.jpg,Vehicle,3
773,000000520342.jpg,Vehicle,3
774,000000052388.jpg,Vehicle,3
775,000000421432.jpg,Vehicle,3
776,000000244875.jpg,Vehicle,3
777,000000430790.jpg,Vehicle,3
778,000000015273.jpg,Vehicle,3
779,000000392111.jpg,Vehicle,3
780,000000547186.jpg,Vehicle,3
781,000000111235.jpg,Vehicle,3
782,000000540547.jpg,Vehicle,3
783,000000289740.jpg,Vehicle,3
784,000000367409.jpg,Vehicle,3
785,000000384680.jpg,Vehicle,3
786,000000460702.jpg,Vehicle,3
787,000000319227.jpg,Vehicle,3
788,000000058283.jpg,Vehicle,3
789,000000366485.jpg,Vehicle,3
790,000000493840.jpg,Vehicle,3
791,000000033687.jpg,Vehicle,3
792,000000115169.jpg,Vehicle,3
793,000000051829.jpg,Vehicle,3
794,000000047631.jpg,Vehicle,3
795,000000082770.jpg,Vehicle,3
796,000000444691.jpg,Vehicle,3
797,000000423693.jpg,Vehicle,3
798,000000102202.jpg,Vehicle,3
799,000000398442.jpg,Vehicle,3
800,000000515430.jpg,Vehicle,3
801,000000324958.jpg,Vehicle,3
802,000000276894.jpg,Vehicle,3
803,000000376283.jpg,Vehicle,3
804,000000515457.jpg,Vehicle,3
805,000000454172.jpg,Vehicle,3
806,000000414202.jpg,Vehicle,3
807,000000512731.jpg,Vehicle,3
808,000000331093.jpg,Vehicle,3
809,000000540899.jpg,Vehicle,3
810,000000184879.jpg,Vehicle,3
811,000000373731.jpg,Vehicle,3
812,000000056109.jpg,Vehicle,3
813,000000533989.jpg,Vehicle,3
814,000000015610.jpg,Vehicle,3
815,000000185760.jpg,Vehicle,3
816,000000327281.jpg,Vehicle,3
817,000000114288.jpg,Vehicle,3
818,000000276703.jpg,Vehicle,3
819,000000256576.jpg,Vehicle,3
820,000000056664.jpg,Vehicle,3
821,000000531647.jpg,Vehicle,3
822,000000522464.jpg,Vehicle,3
823,000000194752.jpg,Vehicle,3
824,000000236224.jpg,Vehicle,3
825,000000231889.jpg,Vehicle,3
826,000000218985.jpg,Vehicle,3
827,000000184745.jpg,Vehicle,3
828,000000238902.jpg,Vehicle,3
829,000000438061.jpg,Vehicle,3
830,000000335486.jpg,Vehicle,3
831,000000273641.jpg,Vehicle,3
832,000000110187.jpg,Vehicle,3
833,000000474012.jpg,Vehicle,3
834,000000329766.jpg,Vehicle,3
835,000000370718.jpg,Vehicle,3
836,000000190360.jpg,Vehicle,3
837,000000329147.jpg,Vehicle,3
838,000000352601.jpg,Vehicle,3
839,000000035985.jpg,Vehicle,3
840,000000514127.jpg,Vehicle,3
841,000000391456.jpg,Vehicle,3
842,000000177418.jpg,Vehicle,3
843,000000019413.jpg,Vehicle,3
844,000000146317.jpg,Vehicle,3
845,000000446467.jpg,Vehicle,3
846,000000546716.jpg,Vehicle,3
847,000000098471.jpg,Vehicle,3
848,000000232551.jpg,Vehicle,3
849,000000437395.jpg,Vehicle,3
850,000000224420.jpg,Vehicle,3
851,000000147211.jpg,Vehicle,3
852,000000385066.jpg,Vehicle,3
853,000000433619.jpg,Vehicle,3
854,000000431133.jpg,Vehicle,3
855,000000538444.jpg,Vehicle,3
856,000000380096.jpg,Vehicle,3
857,000000378865.jpg,Vehicle,3
858,000000176621.jpg,Vehicle,3
859,000000250035.jpg,Vehicle,3
860,000000401299.jpg,Vehicle,3
861,000000182054.jpg,Vehicle,3
862,000000409126.jpg,Vehicle,3
863,000000513966.jpg,Vehicle,3
864,000000541251.jpg,Vehicle,3
865,000000128503.jpg,Vehicle,3
866,000000254179.jpg,Vehicle,3
867,000000049640.jpg,Vehicle,3
868,000000408537.jpg,Vehicle,3
869,000000552032.jpg,Vehicle,3
870,000000077160.jpg,Vehicle,3
871,000000281910.jpg,Vehicle,3
872,000000196131.jpg,Vehicle,3
873,000000492974.jpg,Vehicle,3
874,000000151211.jpg,Vehicle,3
875,000000401312.jpg,Vehicle,3
876,000000039779.jpg,Vehicle,3
877,000000369878.jpg,Vehicle,3
878,000000041342.jpg,Vehicle,3
879,000000495947.jpg,Vehicle,3
880,000000005684.jpg,Vehicle,3
881,000000333083.jpg,Vehicle,3
882,000000499360.jpg,Vehicle,3
883,000000036950.jpg,Vehicle,3
884,000000250677.jpg,Vehicle,3
885,000000157923.jpg,Vehicle,3
886,000000082737.jpg,Vehicle,3
887,000000364234.jpg,Vehicle,3
888,000000403064.jpg,Vehicle,3
889,000000232011.jpg,Vehicle,3
890,000000297112.jpg,Vehicle,3
891,000000399946.jpg,Vehicle,3
892,000000512983.jpg,Vehicle,3
893,000000559055.jpg,Vehicle,3
894,000000548240.jpg,Vehicle,3
895,000000545082.jpg,Vehicle,3
896,000000424705.jpg,Vehicle,3
897,000000506034.jpg,Vehicle,3
898,000000117838.jpg,Vehicle,3
899,000000159926.jpg,Vehicle,3
900,000000056132.jpg,Vehicle,3
901,000000501801.jpg,Vehicle,3
902,000000530712.jpg,Vehicle,3
903,000000556666.jpg,Vehicle,3
904,000000275432.jpg,Vehicle,3
905,000000423860.jpg,Vehicle,3
906,000000163474.jpg,Vehicle,3
907,000000246573.jpg,Vehicle,3
908,000000360500.jpg,Vehicle,3
909,000000017751.jpg,Vehicle,3
910,000000042659.jpg,Vehicle,3
911,000000509364.jpg,Vehicle,3
912,000000431921.jpg,Vehicle,3
913,000000433013.jpg,Vehicle,3
914,000000408424.jpg,Vehicle,3
915,000000235536.jpg,Vehicle,3
916,000000181776.jpg,Vehicle,3
917,000000407422.jpg,Vehicle,3
918,000000068130.jpg,Vehicle,3
919,000000103404.jpg,Vehicle,3
920,000000515566.jpg,Vehicle,3
921,000000085225.jpg,Vehicle,3
922,000000554636.jpg,Vehicle,3
923,000000235600.jpg,Vehicle,3
924,000000021343.jpg,Vehicle,3
925,000000140898.jpg,Vehicle,3
926,000000498081.jpg,Vehicle,3
927,000000061729.jpg,Vehicle,3
928,000000179331.jpg,Vehicle,3
929,000000024289.jpg,Vehicle,3
930,000000242564.jpg,Vehicle,3
931,000000171378.jpg,Vehicle,3
932,000000082242.jpg,Vehicle,3
933,000000131579.jpg,Vehicle,3
934,000000288880.jpg,Vehicle,3
935,000000458856.jpg,Vehicle,3
936,000000059892.jpg,Vehicle,3
937,000000495641.jpg,Vehicle,3
938,000000250417.jpg,Vehicle,3
939,000000116004.jpg,Vehicle,3
940,000000407585.jpg,Vehicle,3
941,000000157153.jpg,Vehicle,3
942,000000004130.jpg,Vehicle,3
943,000000276766.jpg,Vehicle,3
944,000000404221.jpg,Vehicle,3
945,000000570721.jpg,Vehicle,3
946,000000145945.jpg,Vehicle,3
947,000000297828.jpg,Vehicle,3
948,000000231368.jpg,Vehicle,3
949,000000565716.jpg,Vehicle,3
950,000000263104.jpg,Vehicle,3
951,000000057801.jpg,Vehicle,3
952,000000394640.jpg,Vehicle,3
953,000000191873.jpg,Vehicle,3
954,000000209097.jpg,Vehicle,3
955,000000567935.jpg,Vehicle,3
956,000000021647.jpg,Vehicle,3
957,000000243421.jpg,Vehicle,3
958,000000206451.jpg,Vehicle,3
959,000000235388.jpg,Vehicle,3
960,000000360374.jpg,Vehicle,3
961,000000317768.jpg,Vehicle,3
962,000000403132.jpg,Vehicle,3
963,000000573485.jpg,Vehicle,3
964,000000276506.jpg,Vehicle,3
965,000000118787.jpg,Vehicle,3
966,000000223755.jpg,Vehicle,3
967,000000352107.jpg,Vehicle,3
968,000000294962.jpg,Vehicle,3
969,000000197807.jpg,Vehicle,3
970,000000007201.jpg,Vehicle,3
971,000000447041.jpg,Vehicle,3
972,000000430686.jpg,Vehicle,3
973,000000523010.jpg,Vehicle,3
974,000000480872.jpg,Vehicle,3
975,000000110718.jpg,Vehicle,3
976,000000536265.jpg,Vehicle,3
977,000000063644.jpg,Vehicle,3
978,000000443641.jpg,Vehicle,3
979,000000295762.jpg,Vehicle,3
980,000000547449.jpg,Vehicle,3
981,000000365437.jpg,Vehicle,3
982,000000332271.jpg,Vehicle,3
983,000000359695.jpg,Vehicle,3
984,000000176729.jpg,Vehicle,3
985,000000262710.jpg,Vehicle,3
986,000000506862.jpg,Vehicle,3
987,000000407559.jpg,Vehicle,3
988,000000352407.jpg,Vehicle,3
989,000000068636.jpg,Vehicle,3
990,000000069978.jpg,Vehicle,3
991,000000412537.jpg,Vehicle,3
992,000000002644.jpg,Vehicle,3
993,000000071499.jpg,Vehicle,3
994,000000151112.jpg,Vehicle,3
995,000000309615.jpg,Vehicle,3
996,000000316852.jpg,Vehicle,3
997,000000516633.jpg,Vehicle,3
998,000000073843.jpg,Vehicle,3
999,000000212941.jpg,Vehicle,3
1000,000000040466.jpg,Vehicle,3
1001,000000409135.jpg,Vehicle,3
1002,000000142349.jpg,Vehicle,3
1003,000000032985.jpg,Vehicle,3
1004,000000179134.jpg,Vehicle,3
1005,000000340096.jpg,Vehicle,3
1006,000000477061.jpg,Vehicle,3
1007,000000293756.jpg,Vehicle,3
1008,000000319649.jpg,Vehicle,3
1009,000000134383.jpg,Vehicle,3
1010,000000377592.jpg,Vehicle,3
1011,000000472041.jpg,Vehicle,3
1012,000000411603.jpg,Vehicle,3
1013,000000572308.jpg,Vehicle,3
1014,000000559557.jpg,Vehicle,3
1015,000000332362.jpg,Vehicle,3
1016,000000404059.jpg,Vehicle,3
1017,000000303872.jpg,Vehicle,3
1018,000000027163.jpg,Vehicle,3
1019,000000018661.jpg,Vehicle,3
1020,000000325220.jpg,Vehicle,3
1021,000000111831.jpg,Vehicle,3
1022,000000155364.jpg,Vehicle,3
1023,000000576789.jpg,Vehicle,3
1024,000000419375.jpg,Vehicle,3
1025,000000560254.jpg,Vehicle,3
1026,000000164360.jpg,Vehicle,3
1027,000000424091.jpg,Vehicle,3
1028,000000429672.jpg,Vehicle,3
1029,000000123770.jpg,Vehicle,3
1030,000000016060.jpg,Vehicle,3
1031,000000112122.jpg,Vehicle,3
1032,000000320117.jpg,Vehicle,3
1033,000000353933.jpg,Vehicle,3
1034,000000092088.jpg,Vehicle,3
1035,000000115954.jpg,Vehicle,3
1036,000000075496.jpg,Vehicle,3
1037,000000075668.jpg,Vehicle,3
1038,000000579232.jpg,Vehicle,3
1039,000000490112.jpg,Vehicle,3
1040,000000283913.jpg,Vehicle,3
1041,000000324316.jpg,Vehicle,3
1042,000000294002.jpg,Vehicle,3
1043,000000493227.jpg,Vehicle,3
1044,000000499193.jpg,Vehicle,3
1045,000000139712.jpg,Vehicle,3
1046,000000280187.jpg,Vehicle,3
1047,000000165247.jpg,Vehicle,3
1048,000000030408.jpg,Vehicle,3
1049,000000178749.jpg,Vehicle,3
1050,000000379711.jpg,Vehicle,3
1051,000000363607.jpg,Vehicle,3
1052,000000228881.jpg,Vehicle,3
1053,000000143277.jpg,Vehicle,3
1054,000000408303.jpg,Vehicle,3
1055,000000578103.jpg,Vehicle,3
1056,000000421134.jpg,Vehicle,3
1057,000000067768.jpg,Vehicle,3
1058,000000210731.jpg,Vehicle,3
1059,000000050366.jpg,Vehicle,3
1060,000000032773.jpg,Vehicle,3
1061,000000383923.jpg,Vehicle,3
1062,000000336058.jpg,Vehicle,3
1063,000000424301.jpg,Vehicle,3
1064,000000374598.jpg,Vehicle,3
1065,000000140585.jpg,Vehicle,3
1066,000000406920.jpg,Vehicle,3
1067,000000137366.jpg,Vehicle,3
1068,000000492156.jpg,Vehicle,3
1069,000000151934.jpg,Vehicle,3
1070,000000229559.jpg,Vehicle,3
1071,000000160313.jpg,Vehicle,3
1072,000000530300.jpg,Vehicle,3
1073,000000518785.jpg,Vehicle,3
1074,000000009615.jpg,Vehicle,3
1075,000000003493.jpg,Vehicle,3
1076,000000191321.jpg,Vehicle,3
1077,000000463788.jpg,Vehicle,3
1078,000000199732.jpg,Vehicle,3
1079,000000516167.jpg,Vehicle,3
1080,000000548184.jpg,Vehicle,3
1081,000000343319.jpg,Vehicle,3
1082,000000525104.jpg,Vehicle,3
1083,000000169026.jpg,Vehicle,3
1084,000000306161.jpg,Vehicle,3
1085,000000033215.jpg,Vehicle,3
1086,000000470710.jpg,Vehicle,3
1087,000000534763.jpg,Vehicle,3
1088,000000099063.jpg,Vehicle,3
1089,000000537258.jpg,Vehicle,3
1090,000000319354.jpg,Vehicle,3
1091,000000283278.jpg,Vehicle,3
1092,000000107787.jpg,Vehicle,3
1093,000000516189.jpg,Vehicle,3
1094,000000524830.jpg,Vehicle,3
1095,000000541077.jpg,Vehicle,3
1096,000000386341.jpg,Vehicle,3
1097,000000203458.jpg,Vehicle,3
1098,000000259265.jpg,Vehicle,3
1099,000000224034.jpg,Vehicle,3
1100,000000143231.jpg,Vehicle,3
1101,000000528566.jpg,Vehicle,3
1102,000000026409.jpg,Vehicle,3
1103,000000166503.jpg,Vehicle,3
1104,000000094420.jpg,Vehicle,3
1105,000000244870.jpg,Vehicle,3
1106,000000177353.jpg,Vehicle,3
1107,000000024600.jpg,Vehicle,3
1108,000000273245.jpg,Vehicle,3
1109,000000370426.jpg,Vehicle,3
1110,000000094097.jpg,Vehicle,3
1111,000000123041.jpg,Vehicle,3
1112,000000263101.jpg,Vehicle,3
1113,000000329726.jpg,Vehicle,3
1114,000000393303.jpg,Vehicle,3
1115,000000503460.jpg,Vehicle,3
1116,000000447688.jpg,Vehicle,3
1117,000000125266.jpg,Vehicle,3
1118,000000347728.jpg,Vehicle,3
1119,000000296782.jpg,Vehicle,3
1120,000000091841.jpg,Vehicle,3
1121,000000178647.jpg,Vehicle,3
1122,000000178742.jpg,Vehicle,3
1123,000000013489.jpg,Vehicle,3
1124,000000151499.jpg,Vehicle,3
1125,000000384122.jpg,Vehicle,3
1126,000000076268.jpg,Vehicle,3
1127,000000531844.jpg,Vehicle,3
1128,000000347135.jpg,Vehicle,3
1129,000000235905.jpg,Vehicle,3
1130,000000057088.jpg,Vehicle,3
1131,000000284084.jpg,Vehicle,3
1132,000000383085.jpg,Vehicle,3
1133,000000051990.jpg,Vehicle,3
1134,000000012891.jpg,Vehicle,3
1135,000000042919.jpg,Vehicle,3
1136,000000305254.jpg,Vehicle,3
1137,000000530758.jpg,Vehicle,3
1138,000000509394.jpg,Vehicle,3
1139,000000536534.jpg,Vehicle,3
1140,000000410603.jpg,Vehicle,3
1141,000000269160.jpg,Vehicle,3
1142,000000115967.jpg,Vehicle,3
1143,000000406657.jpg,Vehicle,3
1144,000000573981.jpg,Vehicle,3
1145,000000225313.jpg,Vehicle,3
1146,000000113979.jpg,Vehicle,3
1147,000000108156.jpg,Vehicle,3
1148,000000163897.jpg,Vehicle,3
1149,000000371701.jpg,Vehicle,3
1150,000000208288.jpg,Vehicle,3
1151,000000200788.jpg,Vehicle,3
1152,000000167083.jpg,Vehicle,3
1153,000000470988.jpg,Vehicle,3
1154,000000375680.jpg,Vehicle,3
1155,000000440460.jpg,Vehicle,3
1156,000000314538.jpg,Vehicle,3
1157,000000243292.jpg,Vehicle,3
1158,000000439615.jpg,Vehicle,3
1159,000000538640.jpg,Vehicle,3
1160,000000300028.jpg,Vehicle,3
1161,000000431712.jpg,Vehicle,3
1162,000000266680.jpg,Vehicle,3
1163,000000357976.jpg,Vehicle,3
1164,000000154343.jpg,Vehicle,3
1165,000000563297.jpg,Vehicle,3
1166,000000162792.jpg,Vehicle,3
1167,000000487353.jpg,Vehicle,3
1168,000000460628.jpg,Vehicle,3
1169,000000430122.jpg,Vehicle,3
1170,000000557434.jpg,Vehicle,3
1171,000000020613.jpg,Vehicle,3
1172,000000369689.jpg,Vehicle,3
1173,000000038417.jpg,Vehicle,3
1174,000000257712.jpg,Vehicle,3
1175,000000291868.jpg,Vehicle,3
1176,000000283679.jpg,Vehicle,3
1177,000000175801.jpg,Vehicle,3
1178,000000101826.jpg,Vehicle,3
1179,000000431376.jpg,Vehicle,3
1180,000000462505.jpg,Vehicle,3
1181,000000077383.jpg,Vehicle,3
1182,000000569242.jpg,Vehicle,3
1183,000000508938.jpg,Vehicle,3
1184,000000496045.jpg,Vehicle,3
1185,000000302662.jpg,Vehicle,3
1186,000000167505.jpg,Vehicle,3
1187,000000249621.jpg,Vehicle,3
1188,000000308548.jpg,Vehicle,3
1189,000000310851.jpg,Vehicle,3
1190,000000156963.jpg,Vehicle,3
1191,000000073413.jpg,Vehicle,3
1192,000000151587.jpg,Vehicle,3
1193,000000184431.jpg,Vehicle,3
1194,000000223481.jpg,Vehicle,3
1195,000000308100.jpg,Vehicle,3
1196,000000095506.jpg,Vehicle,3
1197,000000314126.jpg,Vehicle,3
1198,000000068912.jpg,Vehicle,3
1199,000000080441.jpg,Vehicle,3
1200,000000146389.jpg,Vehicle,3
1201,000000200830.jpg,Vehicle,3
1202,000000063556.jpg,Vehicle,3
1203,000000275631.jpg,Vehicle,3
1204,000000316152.jpg,Vehicle,3
1205,000000378711.jpg,Vehicle,3
1206,000000015356.jpg,Vehicle,3
1207,000000344989.jpg,Vehicle,3
1208,000000024042.jpg,Vehicle,3
1209,000000117796.jpg,Vehicle,3
1210,000000173252.jpg,Vehicle,3
1211,000000040211.jpg,Vehicle,3
1212,000000295329.jpg,Vehicle,3
1213,000000203252.jpg,Vehicle,3
1214,000000329084.jpg,Vehicle,3
1215,000000418624.jpg,Vehicle,3
1216,000000139389.jpg,Vehicle,3
1217,000000579751.jpg,Vehicle,3
1218,000000295410.jpg,Vehicle,3
1219,000000409906.jpg,Vehicle,3
1220,000000561186.jpg,Vehicle,3
1221,000000466020.jpg,Vehicle,3
1222,000000371382.jpg,Vehicle,3
1223,000000114459.jpg,Vehicle,3
1224,000000150546.jpg,Vehicle,3
1225,000000438619.jpg,Vehicle,3
1226,000000216742.jpg,Vehicle,3
1227,000000268268.jpg,Vehicle,3
1228,000000417242.jpg,Vehicle,3
1229,000000431184.jpg,Vehicle,3
1230,000000143870.jpg,Vehicle,3
1231,000000139165.jpg,Vehicle,3
1232,000000552005.jpg,Vehicle,3
1233,000000556492.jpg,Vehicle,3
1234,000000310926.jpg,Vehicle,3
1235,000000362213.jpg,Vehicle,3
1236,000000112938.jpg,Vehicle,3
1237,000000064032.jpg,Vehicle,3
1238,000000249291.jpg,Vehicle,3
1239,000000575343.jpg,Vehicle,3
1240,000000403360.jpg,Vehicle,3
1241,000000036029.jpg,Vehicle,3
1242,000000447135.jpg,Vehicle,3
1243,000000200335.jpg,Vehicle,3
1244,000000282552.jpg,Vehicle,3
1245,000000438306.jpg,Vehicle,3
1246,000000271360.jpg,Vehicle,3
1247,000000263603.jpg,Vehicle,3
1248,000000112182.jpg,Vehicle,3
1249,000000112860.jpg,Vehicle,3
1250,000000401921.jpg,Vehicle,3
1251,000000059170.jpg,Vehicle,3
1252,000000568050.jpg,Vehicle,3
1253,000000195951.jpg,Vehicle,3
1254,000000019193.jpg,Vehicle,3
1255,000000099129.jpg,Vehicle,3
1256,000000162747.jpg,Vehicle,3
1257,000000074179.jpg,Vehicle,3
1258,000000297906.jpg,Vehicle,3
1259,000000281177.jpg,Vehicle,3
1260,000000180494.jpg,Vehicle,3
1261,000000556154.jpg,Vehicle,3
1262,000000539789.jpg,Vehicle,3
1263,000000326077.jpg,Vehicle,3
1264,000000514997.jpg,Vehicle,3
1265,000000053406.jpg,Vehicle,3
1266,000000103361.jpg,Vehicle,3
1267,000000103589.jpg,Vehicle,3
1268,000000528796.jpg,Vehicle,3
1269,000000505343.jpg,Vehicle,3
1270,000000517719.jpg,Vehicle,3
1271,000000204279.jpg,Vehicle,3
1272,000000495310.jpg,Vehicle,3
1273,000000453332.jpg,Vehicle,3
1274,000000512924.jpg,Vehicle,3
1275,000000337796.jpg,Vehicle,3
1276,000000374302.jpg,Vehicle,3
1277,000000510665.jpg,Vehicle,3
1278,000000237685.jpg,Vehicle,3
1279,000000242458.jpg,Vehicle,3
1280,000000461208.jpg,Vehicle,3
1281,000000564187.jpg,Vehicle,3
1282,000000263770.jpg,Vehicle,3
1283,000000260139.jpg,Vehicle,3
1284,000000346544.jpg,Vehicle,3
1285,000000456653.jpg,Vehicle,3
1286,000000180765.jpg,Vehicle,3
1287,000000042682.jpg,Vehicle,3
1288,000000143655.jpg,Vehicle,3
1289,000000274012.jpg,Vehicle,3
1290,000000333463.jpg,Vehicle,3
1291,000000080090.jpg,Vehicle,3
1292,000000527587.jpg,Vehicle,3
1293,000000468652.jpg,Vehicle,3
1294,000000384935.jpg,Vehicle,3
1295,000000360869.jpg,Vehicle,3
1296,000000193853.jpg,Vehicle,3
1297,000000095592.jpg,Vehicle,3
1298,000000403184.jpg,Vehicle,3
1299,000000554891.jpg,Vehicle,3
1300,000000114310.jpg,Vehicle,3
1301,000000139214.jpg,Vehicle,3
1302,000000576239.jpg,Vehicle,3
1303,000000280224.jpg,Vehicle,3
1304,000000176505.jpg,Vehicle,3
1305,000000126608.jpg,Vehicle,3
1306,000000072535.jpg,Vehicle,3
